Owner,Recipe,Description,Ingredients,Steps,Category,Flavor Profile,Nutrition Labels,Prep (min),Cook (min),Servings,Difficulty,Estimated Cost,Tags,Meal Type,Mood,Ratings
,Pininyahang Manok,"Ang Pininyahang Manok ay isang klasikong putaheng Pilipino na kilala sa matamis at creamy nitong sabaw. Ginagawa ito mula sa manok na niluto kasama ang pineapple tidbits, pineapple syrup, at gatas evaporada o gata ng niyog na nagbibigay ng mayamang creamy na texture. Ang asim ng pinya ay nagbabalanse sa alat ng patis, habang ang luya, bawang, at sibuyas ay nagdadagdag ng malalim na lasa at aroma. Ang red bell pepper ay nagpapaganda ng kulay at nagdadagdag ng bahagyang tamis. Ito ay isang paboritong ulam ng pamilya na Easyng lutuin at akma sa lahat ng okasyon — mula sa simpleng hapunan hanggang sa espesyal na handaan. Ihain kasabay ng mainit na kanin para sa isang kumpletong at masustansiyang pagkain.","2 pouch ng pineapple tidbits sinala (itabi ang syrup), 2 kutsarang mahahabang piraso ng luya, 6 cloves garlic (tinadtad), 1 pc. malaking pulang sibuyas (hiniwa-hiwa), 3/4 chicken thigh and leg hiniwa ayon sa kayang kainin ng tao (10–12 pcs.), 1–2 kutsarang patis, 1/2 buong paminta, 1 pc. medium red bell pepper (hiniwa nang pakuwadrado), 2/3 tasang gatas evaporada o gata ng niyog, 1 kutsarang mantika","Step 1: Initin ang kawali sa katamtamang apoy at ilagay ang 1 kutsarang mantika hanggang maging mainit ito.

Step 2: Igisa ang luya, bawang, at sibuyas ng 2 minuto hanggang maging mabango at malambot ang mga ito.

Step 3: Idagdag ang patis at mga piraso ng manok saka igisa ng 10 minuto o hanggang maging medyo brown at tuyo ang manok.

Step 4: Idagdag ang paminta at ibuhos ang pineapple syrup. Takpan ang kawali at bayaang kumulo sa katamtamang init ng apoy ng 15 minuto.

Step 5: Idagdag ang red bell pepper, gatas evaporada, at pineapple tidbits. Pakuluan sa mahinang apoy ng 3-5 minuto habang patuloy na hinahalo para hindi masunog.

Step 6: Tikman at ayusin ang alat ayon sa panlasa. Isalin sa pinggan at ihain nang mainit kasabay ng kanin.",Ulam (Main Dish),"Matamis, Maalat, Creamy",Calories: ~320 kcal | Protein: ~25g | Fat: ~15g | Carbohydrates: ~20g | Sodium: ~450mg,15,30,6,Easy,Medium Cost,"Manok, Pinya, Filipino, Ulam, Pang-araw-araw, Creamy","Tanghalian, Hapunan","Happy, Nostalgic, Family bonding, Comforted",
,Sinampalukang Manok,"Ang Sinampalukang Manok ay isang tradisyonal na sopang Pilipino na may natatanging asim na nagmumula sa sariwang dahon ng sampaloc at sinigang mix. Kumpara sa karaniwang sinigang, ang Sinampalukang Manok ay mas mayaman ang lasa dahil sa natural na asim ng dahon ng sampaloc na nagbibigay ng kakaibang aroma at lalim ng sabaw. Ang putaheng ito ay puno ng masusustansiyang mga gulay tulad ng spinach, sitaw, talong, at kamatis na nagpapayaman sa bawat sandok ng sabaw. Ang paggamit ng chicken bouillon ay nagpalakas pa ng lasa ng sabaw. Ito ay isang comfort food na madalas lutuing kapag malamig ang panahon o kapag may sakit, dahil ang mainit na sabaw nito ay nagpapaginhawa at nagpapalakas ng katawan.","1 hanggang 1-1/2 lb manok (hiniwa ayon sa kayang kainin ng tao), 2 tasang sariwang spinach, 3 medium kamatis (hiniwa nang pakuwadrado), 2 kutsarang patis, 1-1/2 tasang dahon ng sampaloc, 1/2 lb sitaw, 1 medium talong (hiniwa-hiwa nang mahahabang parte), 1 medium sibuyas (hiniwa nang pakuwadrado), 1 kutsarang sinigang mix, 1 chicken bouillon, 3 kutsarang mantika, 3 hanggang 4 tasang tubig","Step 1: Initin ang mantika sa kaserola sa katamtamang apoy hanggang mainit na.

Step 2: Igisa ang sibuyas at kamatis ng ilang minuto hanggang malambot at magsimulang matunaw ang kamatis.

Step 3: Idagdag ang mga piraso ng manok at lutuin hanggang maging light brown ang kulay sa labas ng bawat piraso.

Step 4: Ibuhos ang patis at idagdag ang chicken bouillon. Haluin nang mabuti para mapagsamahin ang mga lasa.

Step 5: Ibuhos ang tubig at pabayaang kumulo sa mataas na apoy.

Step 6: Idagdag ang dahon ng sampaloc at sinigang mix powder. Pakuluan sa katamtamang init hanggang lumambot ang manok at lumalalim ang asim ng sabaw.

Step 7: Idagdag ang talong at sitaw. Iluto ng 5 hanggang 8 minuto o hanggang malambot na ang mga gulay.

Step 8: Ilagay ang spinach at takpan ang kaserola. Iwan ng 5 hanggang 6 minuto para maluto ang spinach gamit ang natitirang init.

Step 9: Tikman ang sabaw at dagdagan ng sinigang powder kung kulang pa sa asim ayon sa panlasa.

Step 10: Isalin sa mangkok at ihain habang mainit kasabay ng kanin.",Sopas (Soup),"Maasim, Maalat, Masabaw","Calories: ~280 kcal | Protein: ~22g | Fat: ~12g | Carbohydrates: ~15g | Sodium: ~520mg (bawat serving, tinatayang halaga)",15,35,4,Easy,Medium Cost,"Manok, Sinigang, Sopas, Filipino, Gulay, Maasim, Tradisyonal","Tanghalian, Hapunan","Sick/under the weather, Nostalgic, Cold and rainy day, Needing warmth",
,Sinigang na Baboy,"Ang Sinigang na Baboy ay isa sa mga pinaka-imahe ng lutuing Pilipino — isang maasim, masabaw, at masustansiyang sopas na paboritong-paborito ng bawat pamilya sa buong bansa. Ginagawa ito gamit ang pork belly o buto-buto na niluto nang matagal hanggang maging malambot at mataba ang karne, na nagbibigay ng malalim at masarap na sabaw. Ang asim nito ay nagmumula sa sinigang mix, habang ang gabi ay nagpapalamlam at nagpapakapal sa sabaw. Ang iba't ibang gulay tulad ng kangkong, sitaw, kamatis, at mahabang sili ay nagdadagdag ng kulay, sustansya, at lasa sa putaheng ito. Ito ay isang tunay na comfort food ng mga Pilipino — ihain nang mainit kasabay ng kanin at isawsaw ang karne sa pinaghalong patis at sili para sa pinakamasarap na karanasan.","2 lbs pork belly o buto-buto, 1 tali ng spinach o kangkong, 3 kutsarang patis, 1 tali ng sitaw (hiniwa ng 2 inch pahaba), 2 pcs. medium sized kamatis (hiniwa nang pakuwadrado), 3 pcs. mahabang sili, 1 kutsarang mantika, 2 litro ng tubig, 1 malaking sibuyas (hiniwa-hiwa), 2 pcs. gabi (hiniwa nang pakuwadrado), 1 pack ng sinigang mix (sapat para sa 2 litro ng tubig), okra at talong kung gusto","Step 1: Initin ang kaserola sa katamtamang apoy at ilagay ang mantika.

Step 2: Igisa ang sibuyas hanggang magkahiwa-hiwalay at maging malambot at transparent.

Step 3: Idagdag ang pork belly at lutuin hanggang maging light brown ang gilid ng karne para mapalalim ang lasa.

Step 4: Ilagay ang patis at ihalo nang mabuti sa lahat ng sangkap sa loob ng kaserola.

Step 5: Ibuhos ang 2 litro ng tubig at bayaang kumulo sa mataas na apoy.

Step 6: Idagdag ang gabi at kamatis saka pakuluan sa katamtamang apoy ng 40 minuto o hanggang lumambot ang baboy at nagsimula nang matunaw ang gabi sa sabaw.

Step 7: Ilagay ang sinigang mix at mahabang sili. Haluin nang maayos at tikman ang sabaw.

Step 8: Idagdag ang sitaw at iba pang gulay tulad ng okra at talong kung gusto. Pakuluan sa mahinang apoy ng 5 hanggang 8 minuto.

Step 9: Ilagay ang spinach o kangkong at patayin ang apoy. Takpan ang kaserola at bayaang maluto ang gulay gamit ang natitirang init.

Step 10: Ihain nang mainit kasabay ng kanin.",Sopas (Soup),"Maasim, Maalat, Masabaw, Malakas ang Lasa",Calories: ~380 kcal | Protein: ~28g | Fat: ~22g | Carbs: ~18g | Sodium: ~600mg,15,55,6,Moderate,Medium Cost,"Baboy, Sinigang, Sopas, Filipino, Gulay, Comfort Food, Pamilya","Tanghalian, Hapunan","Homesick, Comforted, Rainy day, Stressed, Nostalgic",
,Siopao,"Ang Siopao ay isa sa mga pinakasikat na meryenda sa Pilipinas na hango sa Chinese steamed bun. Ito ay binubuo ng malambot at maputing tinapay na niluto sa singaw at ng masarap na asado filling na gawa sa baboy na niluto kasama ang toyo, oyster sauce, hoisin sauce, at asukal hanggang maging matamis-maalat at malambot ang karne. Ang bawat kagat ay puno ng masarap na filling. Perpekto bilang mabilis na meryenda o almusal.","(Dough) 2 tasang mainit na tubig, 2 1/2 kutsarang asukal para sa yeast mixture, 1/2 tasang asukal para sa flour mixture, 1 pouch dry yeast, 5 tasang all purpose flour, 1 1/4 kutsarang baking powder, 6 kutsarang butter |
(Asado Filling) 2 lbs baboy hiniwa-hiwa nang maliliit, 3 kutsarang butter, 2 kutsarang bawang tinadtad, 1 malaking sibuyas tinadtad, 2 kutsarang cornstarch nilusaw sa 1/4 tasang tubig, 4 kutsarang toyo, 4 kutsarang asukal, 3 kutsarang oyster sauce, 1 kutsarang hoisin sauce","(Asado Filling)

Step 1: Initin ang butter sa kawali. Igisa ang bawang at sibuyas hanggang maging mabango at malambot.

Step 2: Ilagay ang baboy at iluto hanggang maging light brown ang paligid ng karne.

Step 3: Idagdag ang toyo, oyster sauce, hoisin sauce, at asukal. Haluin nang maigi para mapagsamahin ang lahat ng lasa.

Step 4: Pakuluan sa katamtamang init ng apoy sa loob ng 40 minuto hanggang lumambot ang baboy at lumapot ang sarsa.

Step 5: Ilagay ang cornstarch na nilusaw sa tubig at haluin hanggang lumapot ang sauce. Itabi at palamigin.

(Dough)

Step 6: Ilagay ang mainit na tubig sa mangkok. Idagdag ang yeast at 2 1/2 kutsarang asukal. Haluin at bayaan ng 10-15 minuto hanggang maging aktibo ang yeast.

Step 7: Sa mixing bowl ilagay ang harina, baking powder, butter, natitirang asukal, at yeast mixture. Haluing maigi hanggang mabuo ang dough.

Step 8: Imasa ang dough hanggang maging pino at maayos ang texture. Takpan at bayaang umalsa ng 30 minuto.

Step 9: Imasa muli ang dough at hiwain sa mga individual na slice para sa bawat siopao.

Step 10: Ipatag ang bawat slice gamit ang rolling pin hanggang maging bilog. Ilagay ang filling sa gitna at balutin nang maayos, tinitiyak na sarado ang bukas na bahagi.

Step 11: Ilagay ang bawat siopao sa steamer at pasingawin ng 15 minuto. Ihain nang mainit.",Meryenda (Snack),"Matamis, Maalat, Malambot",Calories: ~350 kcal | Protein: ~18g | Fat: ~14g | Carbs: ~40g | Sodium: ~480mg,40,55,8,Difficult,High Cost,"Siopao, Meryenda, Baboy, Steamed Bun, Filipino-Chinese, Espesyal","Almusal, Meryenda","Playful, Snacky, On-the-go, Childhood nostalgia",
,Special Siopao Sauce,Ang Special Siopao Sauce ay isang mayaman at malalim-ang-lasa na sawsawan na espesyal na ginawa para samahan ang siopao. Ang beef stock ang nagbibigay ng malalim na base ng sarsa habang ang star anise at five spice powder ay nagdadagdag ng kakaibang oriental na aroma. Ang Worcestershire sauce at pulang asukal ay nagpapahusay ng tamis at lalim ng lasa. Maaari itong i-pack at itago sa refrigerator para sa susunod na paggamit.,"2 tasang beef stock o broth, 1 pc. star anise o 1/2 kutsaritang five spice powder, 2 kutsarang cornstarch nilusaw sa 4 kutsarang tubig, 1/4 tasang sibuyas hiniwa nang maliliit na pakuwadrado, 2 cloves garlic tinadtad, kaunting dinurog na itim na paminta, 4 kutsarang pulang asukal, 2 kutsarang toyo, 1 kutsarang Worcestershire sauce, 1 kutsaritang asin","Step 1: Initin ang kaserola at ibuhos ang beef stock. Bayaang kumulo.

Step 2: Idagdag ang sibuyas, bawang, toyo, Worcestershire sauce, pulang asukal, asin, dinurog na itim na paminta, at star anise.

Step 3: Pakuluan sa katamtamang init ng apoy ng 8-10 minuto. Takpan para makulong ang singaw. Magdagdag ng tubig kung kinakailangan.

Step 4: Patayin ang apoy at salain ang sabaw gamit ang kitchen strainer na may mangkok sa ilalim para masalo ang lahat ng nasaling sabaw.

Step 5: Initin ang malinis na kaserola at ibuhos ang nasaling mixture. Bayaang kumulo sa mahinang apoy.

Step 6: Idagdag ang cornstarch na nilusaw sa tubig nang dahan-dahan. Haluin nang tuloy-tuloy hanggang lumapot ang sauce sa nais na consistency.

Step 7: Patayin ang apoy at bayaang lumamig ang mixture. I-pack o ilagay sa bote para sa paggamit.",Sawsawan (Dipping Sauce),"Matamis, Maalat, Malalim ang Lasa, Mabango",Calories: ~45 kcal | Carbs: ~9g | Sugar: ~6g | Sodium: ~320mg,10,20,8,Easy,Low Cost,"Sawsawan, Siopao, Sauce, Filipino-Chinese, Espesyal, Easyng Gawin","Meryenda, Pang-accompany sa Siopao","Excited, Indulgent, Party mood",
,Pinangat na Isda,"Ang Pinangat na Isda ay isang simpleng putaheng Pilipino na ginagamit ang kamias bilang pangunahing pampaasim. Ang isda ay niluluto kasama ang kamias, kamatis, at pampalasa sa loob ng kawali hanggang maluto nang husto. Ang natural na asim ng kamias ay nagbibigay ng natatanging lasa na maginhawa sa panlasa. Ito ay isang matipid at masustansiyang ulam na Easyng lutuin at akma sa pang-araw-araw na hapunan ng pamilya.","1 lb isda nilinis at inasinan, 8 pcs. kamias, 2 medium kamatis hiniwa nang pakuwadrado, 1 kutsaritang buong paminta, 1 1/2 kutsaritang asin, 1 tasang tubig","Step 1: Iayos ang isda, kamias, at kamatis sa isang malaking kawali nang pantay-pantay.

Step 2: Wisikan ng asin at buong paminta sa ibabaw ng mga sangkap pagkaraan ay buhusan ng tubig.

Step 3: Takpan ang kawali at lutuin sa katamtamang init ng apoy. Bayaang kumulo.

Step 4: Kapag nagsimulang kumulo ang sabaw, hinaan ang apoy at patuloy na lutuin ng 15 hanggang 20 minuto hanggang maluto nang husto ang isda.

Step 5: Patayin ang apoy at i-serve nang mainit kasabay ng kanin.",Ulam (Main Dish),"Maasim, Maalat, Masabaw",Calories: ~180 kcal | Protein: ~25g | Fat: ~6g | Carbs: ~5g | Sodium: ~420mg,10,25,4,Easy,Low Cost,"Isda, Filipino, Ulam, Kamias, Matipid, Pang-araw-araw","Tanghalian, Hapunan","Simple and contented, Frugal, Peaceful, Everyday calm",
,Rellenong Talong (Stuffed Eggplant),"Ang Rellenong Talong ay isang masustansiyang putaheng Pilipino na ginagamit ang inihaw na talong na pinuno ng giniling na baboy at binating itlog. Ang talong ay inihaw muna hanggang maluto, saka tinanggal ang balat at pinupuno ng masarap na giniling na halo ng sibuyas, bawang, kamatis, at pampalasa. Pagkatapos ay isasawsaw sa binating itlog at ipriprito hanggang ginintuang kayumanggi. Ito ay isang napakasarap na ulam na malasa at mukhang espesyal ngunit Easyng gawin at matipid.","2 pcs. talong, 1/2 lb giniling na baboy, 1 maliit na kamatis hiniwa nang maliliit na pakuwadrado, 1 medium dilaw na sibuyas tinadtad, 2 cloves garlic tinadtad, 3 pcs. malalaking itlog binati, 1 kutsaritang toyo, 1 kutsaritang asin, 1/2 kutsaritang dinurog na itim na paminta, 1/2 tasang mantika at 1 kutsara extra","Step 1: Ihaw ang mga talong hanggang sila'y maluto, mga 4 hanggang 6 minuto bawat magkabilang bahagi.

Step 2: Tanggalin ang mga talong mula sa ihawan at bayaang lumamig. Pagkatapos ay tanggalin ang balat at itabi.

Step 3: Samantala, mag-init ng 1 kutsarang mantika sa kawali sa katamtamang apoy.

Step 4: Igisa ang sibuyas, bawang, at kamatis hanggang malambot at mabango.

Step 5: Idagdag ang giniling na baboy at iluto hanggang maging medium brown ang kulay, mga 8 hanggang 10 minuto.

Step 6: Ilagay ang toyo, 1/2 kutsaritang asin, at dinurog na itim na paminta. Ihalo nang maigi at patayin ang apoy. Itabi.

Step 7: Idagdag ang natitirang asin sa binating itlog at muling batihin nang maigi.

Step 8: Isawsaw ang mga inihaw na talong sa binating itlog para mabalaatan ng itlog ang buong talong.

Step 9: Initin ang isang malinis na kawali at ibuhos ang 1/2 tasang mantika sa katamtamang apoy.

Step 10: Ilagay ang isang talong sa kawali. Sumandok ng kalahating giniling na baboy at ikalat ito sa ibabaw ng talong nang pantay-pantay.

Step 11: Magbuhos ng 2 hanggang 3 kutsarang binating itlog sa ibabaw ng giniling na baboy para madikit at mabalot ito.

Step 12: Dahan-dahang baligtarin ang itlog gamit ang spatula kung maaari para lutuin ang kabilang bahagi. Iluto ng 3 hanggang 4 na minuto sa katamtamang init ng apoy.

Step 13: Tanggalin mula sa kawali at isalin sa isang pinggan.

Step 14: Ihain kasama ang banana ketchup at steamed rice.",Ulam (Main Dish),"Maalat, Malasa, Maasim-tam-is",Calories: ~320 kcal | Protein: ~20g | Fat: ~22g | Carbs: ~10g | Sodium: ~480mg,20,35,2,Moderate,Low Cost,"Talong, Giniling, Baboy, Filipino, Ulam, Rellenong, Meryenda","Tanghalian, Hapunan","Resourceful, Proud, Budget-conscious but satisfied",
,Sarsiadong Isda,"Ang Sarsiadong Isda ay isang sikat na putaheng Pilipino na binubuo ng pritong isda na nilubog sa masarap na sarsa ng kamatis, sibuyas, bawang, at binating itlog. Ang isda ay piniprito muna hanggang ginintuang kayumanggi bago ilagay sa masarap na sarsa para sumipsip ng lasa. Ang pagdagdag ng binating itlog sa sarsa ay nagbibigay ng natatanging creamy at malapot na texture. Ito ay isang simpleng ulam na puno ng lasa at perpekto para sa araw-araw na pagkain ng pamilya.","2 lbs tilapia nilinis, 3 pcs. medium-sized kamatis hiniwa nang maliliit na kuwadrado, 3 pcs. medium-sized sibuyas hiniwa nang maliliit na kuwadrado, 1 3/4 tasang tubig, 1/2 kutsaritang dinurog na itim na paminta, 1/2 tasang onion leeks tinadtad (optional), 2 kutsaritang bawang tinadtad, 3 pcs. hilaw na itlog binati, 2 kutsarang patis","Step 1: Initin ang mantika sa isang kawali at iprito ang isda. Siguraduhin na inasinan ang isda bago ito iprito para mas malasa.

Step 2: Tanggalin ang isda mula sa kawali at ilagay sa isang plato na may paper towels para masipsip ang sobrang mantika. Itabi.

Step 3: Gamit ang isang malinis na kawali, mag-init ng 2 kutsaritang mantika saka mag-gisa ng bawang, sibuyas, at kamatis hanggang malambot at mabango.

Step 4: Idagdag ang patis at dinurog na itim na paminta at pagkaraan ay ihalo nang mabuti.

Step 5: Ilagay ang tinadtad na onion leeks at tubig saka bayaang kumulo sa katamtamang apoy.

Step 6: Idagdag ang piniritong isda at pakuluan sa katamtamang init ng apoy mga 3 hanggang 5 minuto para masipsip ng isda ang lasa ng sarsa.

Step 7: Ibuhos ang binating itlog sa kawali nang paunti-unti. Siguraduhin na ito'y makakalat nang pantay sa buong kawali.

Step 8: Kapag namuo na ang itlog, maaari mo nang ihalo ang mixture nang maingat para hindi madurog ang isda.

Step 9: Pakuluan mula sa mahinang apoy ng 2 minuto at isalin sa isang pinggan. Ihain nang mainit.",Ulam (Main Dish),"Maalat, Malasa, Maasim-tam-is",Calories: ~250 kcal | Protein: ~28g | Fat: ~12g | Carbs: ~8g | Sodium: ~510mg,15,25,4,Easy,Medium Cost,"Isda, Tilapia, Sarsiado, Filipino, Ulam, Itlog, Pang-araw-araw","Tanghalian, Hapunan","Homesick, Simple joy, Humble, Everyday contentment",
,Mechado,"Ang Mechado ay isang klasikong putaheng Pilipino na may impluwensiya ng Espanyol, ginagamit ang beef chuck na niluto nang matagal sa tomato sauce, toyo, at pampalasa hanggang maging malambot at masarap ang karne. Ang patatas ay idinagdag sa huli para sumabay sa lasa ng sarsa. Ang dahon ng laurel ay nagbibigay ng kakaibang aroma sa buong ulam. Ito ay isang espesyal na putahe na madalas inihahain sa mga handaan at pista opisyal ngunit maaari ring lutuin para sa pang-araw-araw na hapunan ng pamilya.","3 cloves garlic tinadtad, 1 pc. malaking sibuyas hiniwa-hiwa, 2 lbs beef chuck cubed, 8 ounces tomato sauce, 1 tasang tubig, 3 kutsarang mantika, 1 hiwa ng lemon kasama ang balat, 1 pc. malaking patatas hiniwa-hiwa nang pakuwadrado, 1/4 tasang toyo, 1/2 kutsaritang durog na itim na paminta, 2 pcs. dahon ng laurel, asin pampalasa","Step 1: Initin ang mantika sa kaserola sa katamtamang apoy at igisa ang bawang at sibuyas hanggang maging mabango at malambot.

Step 2: Ilagay ang beef chuck at igisa ng 3 minuto o hanggang maging light brown ang kulay ng karne sa lahat ng gilid.

Step 3: Idagdag ang tomato sauce at tubig saka pakuluan sa katamtamang init ng apoy hanggang lumambot ang karne. Magdagdag ng tubig kung kinakailangan.

Step 4: Idagdag ang toyo, paminta, dahon ng laurel, at asin saka pakuluan sa mahinang apoy hanggang mag-evaporate ang sobrang tubig at lumapot ang sarsa.

Step 5: Ilagay ang patatas at lutuin hanggang lumambot ang patatas, mga 15 hanggang 25 minuto sa mahinang apoy.

Step 6: Isalin sa mangkok at ihain habang mainit kasabay ng kanin.",Ulam (Main Dish),"Maalat, Matamis-Asim, Malasa, Malakas ang Lasa",Calories: ~420 kcal | Protein: ~32g | Fat: ~24g | Carbs: ~18g | Sodium: ~580mg,15,60,6,Moderate,High Cost,"Baka, Beef, Mechado, Filipino, Ulam, Espesyal, Pamilya","Tanghalian, Hapunan","Celebratory, Festive, Proud, Special occasion mood",
,Halo-Halo,"Ang Halo-Halo ay ang pinakasikat na malamig na meryenda ng mga Pilipino na walang pinipiling panahon — mainit man o maulan, lagi itong in-order at inaabangan. Ito ay isang colorful at masustansiyang dessert na binubuo ng iba't ibang minatamis na prutas at legumes, sago, pinipig, at gatas evaporada na ibinubuhos sa ibabaw ng dinurog na yelo. Ang ube halaya at leche flan sa tuktok kasama ang isang scoop ng ice cream ang nagpapaespesyal nito. Bawat sandok ay puno ng iba't ibang texture at lasa na nagbibigay ng kakaibang kasiyahan sa bawat kagat.","Shaved o crushed ice, minatamis na red beans, minatamis na garbanzos, minatamis na kaong, macapuno, ice cream, gatas evaporada, puting asukal, ube halaya, leche flan, minatamis na saging na saba hiwain nang maninipis, minatamis na kamote hiniwa nang pakuwadrado, minatamis na langka isa-isang himayin, nilutong sago, pinipig","Step 1: Ihanda ang lahat ng minatamis na sangkap at ilagay sa magkakahiwalay na containers para Easyng i-serve.

Step 2: Para sa mga sangkap na kailangang lutuin tulad ng saging na saba, kamote, at langka, lutuin ang mga ito sa tubig na may kasamang asukal. Dahan-dahang ibuhos ang asukal para makamit ang tamang tamis. Hayaang lumamig bago gamitin.

Step 3: Lutuin ang sago sa kumukulong tubig hanggang malinaw at malambot. Banlawan at itabi.

Step 4: Sa isang mataas na baso o mangkok, maglagay ng sapat na dinurog o shaved na yelo bilang base.

Step 5: Maglagay ng 2 kutsarang bawat isa ng mga minatamis na sangkap sa ibabaw ng yelo nang makulay at maayos.

Step 6: Ibuhos ang 1/8 tasang gatas evaporada o isang latang gatas evaporada sa ibabaw ng mga sangkap.

Step 7: Lagyan ng ube halaya at leche flan sa tuktok para sa kumpletong halo-halo.

Step 8: Maglagay ng isang scoop ng ice cream sa pinaka-itaas at budburan ng pinipig bago i-serve.",Malamig na Meryenda (Dessert),"Matamis, Creamy, Malamig, Masaya ang Lasa",Calories: ~320 kcal | Protein: ~5g | Fat: ~8g | Carbs: ~58g | Sugar: ~40g,20,15,1,Easy,Low Cost,"Halo-Halo, Dessert, Malamig, Filipino, Meryenda, Tag-init, Espesyal","Meryenda, Dessert","Joyful, Excited, Hot and sweaty, Summer fun, Carefree",
,Paksiw na Isda,"Ang Paksiw na Isda ay isa sa mga pinakasikat at pinaka-tradisyonal na paraan ng pagluluto ng isda sa Pilipinas. Ang isda ay niluluto sa suka, tubig, at iba't ibang pampalasa tulad ng luya, bawang, sibuyas, at mahabang sili. Ang asim ng suka ay nagsisilbing natural na pang-preserba at nagbibigay ng natatanging maasim na lasa sa sabaw. Ang ampalaya ay maaaring idagdag para sa karagdagang lasa at sustansya. Ito ay isang matipid, mabilis, at masustansiyang ulam na perpekto para sa pang-araw-araw na pagkain.","2 pcs. isda nilinis at tinanggal ang mga kaliskis, 1 maliit na luya hiniwa at tinadtad, 6 cloves garlic tinanggal ang balat, 1/2 tasang suka, 1 tasang tubig, 1 medium sibuyas hiniwa-hiwa, 1 maliit na ampalaya hiniwa-hiwa (optional), 3 pcs. mahabang sili, 2 kutsaritang asin, 1 kutsaritang buong paminta","Step 1: Initin ang kaserola sa katamtamang apoy at ibuhos ang suka at tubig.

Step 2: Idagdag ang asin at buong paminta saka haluin nang maayos. Bayaang kumulo ng ilang minuto.

Step 3: Iayos ang isda sa kaserola kasama ang luya, bawang, sibuyas, ampalaya, at mahabang sili nang maayos para maluto nang pantay.

Step 4: Takpan ang kaserola at pakuluan sa katamtamang init ng apoy ng 12 hanggang 15 minuto hanggang maluto nang husto ang isda.

Step 5: Patayin ang apoy at isalin sa mangkok nang maingat para hindi madurog ang isda.

Step 6: Ihain nang mainit kasabay ng steamed rice. Tandaan: Maaari mong i-substitute ang asin sa 3/4 hanggang 1 kutsarang patis.",Ulam (Main Dish),"Maasim, Maalat, Masabaw",Calories: ~160 kcal | Protein: ~22g | Fat: ~5g | Carbs: ~4g | Sodium: ~390mg,10,20,2,Easy,Low Cost,"Isda, Paksiw, Suka, Filipino, Ulam, Matipid, Tradisyonal","Tanghalian, Hapunan","Simple and contented, Nostalgic, Budget day, Calm",
,Papaitan,"Ang Papaitan ay isang natatangi at matapang na putaheng Pilipino na gawa sa iba't ibang parte ng baka tulad ng tuwalya, small intestine, puso, at manipis na hiwa ng baka. Ang pangunahing katangian ng putaheng ito ay ang pait na nagmumula sa apdo ng baka na siyang nagbibigay ng kakaibang lasa na hindi mo mahahanap sa ibang putahe. Ang pagsasama ng luya, bawang, sibuyas, mahabang sili, at kalamansi o lemon ay nagbabalanse ng pait at nagpapahusay ng kabuuang lasa. Ito ay isang popular na pulutan at sikat na almusal sa Ilocos at iba pang bahagi ng Pilipinas.","1/2 lb tuwalya ng baka, 1/2 lb small intestine ng baka, 1/2 lb baka hiniwa nang maninipis, 1/2 lb puso ng baka, 2 kutsarang apdo, 2 maliit na luya hiniwa-hiwa nang pahaba, 1 medium sized sibuyas hiniwa-hiwa ng maliliit na kuwadrado, 6 cloves garlic dinurog at tinadtad, 8 tasang tubig, 4 hanggang 6 pcs. mahabang sili, 2 1/2 kutsarang asin, 1/2 kutsarang dinurog na itim na paminta, 1 hanggang 2 pcs. lemon o 5 hanggang 8 pcs. kalamansi, 2 kutsarang mantika","Step 1: Initin ang kaserola at ibuhos ang 4 tasang tubig at maglagay ng 1 kutsarang asin. Bayaang kumulo sa mataas na apoy.

Step 2: Ilagay ang tuwalya ng baka at small intestines saka pakuluan sa katamtamang init ng apoy hanggang lumambot ang mga ito.

Step 3: Patayin ang apoy. Tanggalin ang malambot na tuwalya at small intestines ng baka saka hiwa-hiwain nang maayos. Itabi.

Step 4: Initin ang isa pang kaserola at ibuhos ang mantika. Kapag mainit na ang mantika, igisa ang bawang, sibuyas, at luya hanggang mabango.

Step 5: Idagdag ang baka, puso, at hiniwa-hiwang small intestines at tuwalya ng baka saka lutuin ng 3 hanggang 4 na minuto hanggang bahagyang kayumanggi.

Step 6: Magdagdag ng 1 1/2 kutsarang asin at dinurog na itim na paminta saka haluin ng 1 minuto para mapagsamahin ang lahat ng lasa.

Step 7: Ibuhos ang natitirang 4 tasang tubig at bayaang kumulo sa mahinang apoy ng 40 minuto. Maaari magdagdag ng tubig kung kinakailangan para hindi matuyo ang sabaw.

Step 8: Idagdag ang apdo at pakuluan sa mahinang apoy ng 5 minuto. Tikman at ayusin ang lasa ayon sa panlasa.

Step 9: Idagdag ang mahabang sili at pinigang lemon juice o kalamansi saka pakuluan sa mahinang apoy ng 3 minuto para lumalalim ang lasa.

Step 10: Patayin ang apoy at isalin sa isang mangkok. Ihain nang mainit.",Ulam (Main Dish or Bar snacks),"Mapait, Maalat, Maasim, Maanghang",Calories: ~290 kcal | Protein: ~30g | Fat: ~16g | Carbs: ~6g | Sodium: ~620mg,20,60,6,Easy,Medium Cost,"Baka, Papaitan, Pulutan, Filipino, Ilocano, Tradisyonal, Espesyal","Tanghalian, Hapunan, Pulutan","Adventurous, Brave, Bold, After-party hunger, Thrill-seeking",
,Humba,"Ang Humba ay isang klasikong putaheng Bisaya na katulad ng adobo ngunit mas matamis at mas mayaman ang lasa. Ginagawa ito mula sa liempo na niluto sa pinagsamang pineapple juice, toyo, suka, at pulang asukal na nagbibigay ng kakaibang matamis-alat na lasa. Ang salted black beans at tuyong puso ng saging ay nagdadagdag ng lalim at natatanging texture sa putaheng ito. Ang dahon ng laurel at buong paminta ay nagbibigay ng mabangong aroma. Ito ay isang paboritong ulam sa Visayas na madalas inihahain sa mga espesyal na okasyon at handaan.","2 lbs liempo, 1 tasang pineapple juice, 1 malaking sibuyas hiniwa-hiwa nang pakuwadrado, 5 cloves garlic tinadtad, 2 kutsarang salted black beans, 2 kutsarang toyo, 2 kutsarang suka, 2 1/2 kutsarang pulang asukal, 1/2 tasang tuyong puso ng saging, 2 pcs. dahon ng laurel, 1 kutsaritang buong paminta","Step 1: Initin ang mantika sa kaserola at iprito ang liempo hanggang maluto at maging kayumanggi ang kulay sa lahat ng gilid.

Step 2: Idagdag ang sibuyas at bawang saka iluto hanggang lumambot ang sibuyas at maging mabango.

Step 3: Ilagay ang toyo, buong paminta, at dahon ng laurel. Haluin nang maayos para mapagsamahin ang lasa.

Step 4: Ibuhos ang pineapple juice at pabayaang kumulo. Pakuluan sa katamtamang init ng apoy hanggang lumambot ang liempo. Dagdagan ng tubig kung kinakailangan.

Step 5: Idagdag ang suka at hintayin na kumulo muli ang mixture. Pakuluan sa katamtamang init ng apoy sa loob ng 3 minuto.

Step 6: Kutsarahin ang salted black beans at pulang asukal saka pakuluan sa mahinang apoy ng 5 minuto hanggang lumapot ang sarsa.

Step 7: Idagdag ang tuyong puso ng saging at pakuluan sa mahinang apoy ng 5 hanggang 8 minuto hanggang malambot.

Step 8: Isalin sa mangkok at ihain habang mainit kasabay ng kanin.",Ulam (Main Dish),"Matamis, Maalat, Maasim, Malasa",Calories: ~450 kcal | Protein: ~28g | Fat: ~28g | Carbs: ~22g | Sodium: ~560mg,15,60,6,Moderate,Medium Cost,"Baboy, Humba, Bisaya, Filipino, Ulam, Espesyal, Matamis","Tanghalian, Hapunan","Celebratory, Bisaya pride, Festive, Nostalgic",
,Kare-Kare,"Ang Kare-Kare ay isa sa mga pinakaespesyal at pinaka-iconic na putaheng Pilipino na kilala sa kapal at makulay na peanut sauce nito. Ginagawa ito gamit ang tuwalya at laman ng baka na niluto nang matagal hanggang maging napakasarap at malambot. Ang pinagsamang dinurog na mani, peanut butter, at pampakulay mula sa atsuete ang nagbibigay ng mapungay na dilaw-kahel na kulay at malalim na lasa ng sarsa. Ang iba't ibang gulay tulad ng puso ng saging, talong, sitaw, at pechay ay nagdadagdag ng sustansya at texture. Hindi kumpleto ang Kare-Kare kung wala ang bagoong na ihahain sa tabi bilang sawsawan.","3 lbs tuwalya ng baka at laman ng baka hiniwa-hiwa, 1 maliit na puso ng saging hiniwa nang pinong-pino, 1 tali ng Tagalog pechay, 1 tali ng sitaw hiniwa ng 2 inch, 4 pcs. talong hiniwa nang pahaba, 1 tasang dinurog na mani, 1/2 tasang peanut butter, 1/2 tasang bagoong, 1 litro ng tubig, 1/2 tasang atsuete na nilusaw sa mainit na tubig at tinanggal ang buto, 1/2 tasang tinustang dinurog na kanin, 1 kutsarang bawang tinadtad, 1 malaking sibuyas tinadtad, asin at paminta","Step 1: Sa malaking kaserola, pakuluan ang tubig sa mataas na apoy.

Step 2: Ilagay ang laman at tuwalya ng baka na sinundan ng sibuyas saka pakuluan ng 2.5 hanggang 3 oras o hanggang lumambot ang karne. Kung gagamit ng pressure cooker, 35 minuto lamang.

Step 3: Kapag malambot na ang karne, idagdag ang dinurog na mani, peanut butter, at pampakulay mula sa atsuete saka pakuluan sa mahinang apoy ng 5 hanggang 7 minuto.

Step 4: Idagdag ang tinustang dinurog na kanin at pakuluan sa mahinang apoy ng 5 minuto para lumapot ang sabaw.

Step 5: Sa magkahiwalay na kaserola, igisa ang bawang saka idagdag ang puso ng saging, talong, at sitaw. Lutuin ng 5 minuto. Maaari ring i-blanch ang mga gulay kung ayaw ng mamantikang pagkain.

Step 6: Isalin ang mga nalutong gulay sa malaking kaserola kung saan nandoon ang iba pang sangkap. Haluin nang maayos.

Step 7: Dagdagan ng asin at paminta bilang pampalasa ayon sa panlasa.

Step 8: Ihain nang mainit kasama ang bagoong sa tabi bilang sawsawan.",Ulam (Main Dish),"Maalat, Mani, Creamy, Malasa",Calories: ~520 kcal | Protein: ~38g | Fat: ~30g | Carbs: ~25g | Sodium: ~640mg,20,180,6,Easy,High Cost,"Baka, Kare-Kare, Filipino, Ulam, Espesyal, Peanut Sauce, Tradisyonal","Tanghalian, Hapunan","Festive, Celebratory, Indulgent, Special Sunday mood, Family gathering",
,Pesang Isda – Fish in Ginger Soup,Ang Pesang Isda ay isang magaan at malusog na sopas na Pilipino na pangunahing gumagamit ng sariwang luya bilang pampalasa at pampabango ng sabaw. Ang isda ay niluluto sa malinaw na sabaw ng luya at onion leeks na nagbibigay ng natural at banayad na lasa. Ang repolyo o iba pang berdeng gulay ay idinagdag sa huli para mapanatili ang sariwang kulay at texture nito. Ang rice water o tubig na ginamit sa paghuhugas ng bigas ay tradisyonal na ginagamit sa lugar ng plain water para sa mas malambot at mas masustansiyang sabaw. Ito ay isang perpektong ulam para sa mga naghahanap ng magaan at masustansiyang pagkain.,"1 medium tilapia hiniwa sa dalawang bahagi, 1/2 tasang tinadtad na onion leeks, 1 inch sariwang ugat ng luya hiniwa na parang medallions, 1/2 ulo ng maliit na repolyo hiniwa-hiwa o anumang berdeng dahon na gulay, 1 kutsaritang buong paminta, 6-8 tasang tubig o rice water, 1 kutsarang mantika, asin pampalasa","Step 1: Sa isang kaserolang kasya ang sabaw, initin ang mantika at igisa ang luya at onion leeks nang ilang minuto hanggang mabango.

Step 2: Ibuhos ang tubig o rice water at idagdag ang buong paminta.

Step 3: Pabayaang kumulo at ipakulo sa mahinang apoy ng mga 10 minuto para mahalo nang mabuti ang lasa sa sabaw.

Step 4: Idagdag ang isda, takpan, at iluto nang 10 minuto pa o hanggang maluto nang husto ang isda.

Step 5: Lagyan ng asin para sa pampalasa ayon sa panlasa.

Step 6: Idagdag ang mga gulay at iluto lamang hanggang kapag sila'y lanta na. Huwag i-overcook para mapanatili ang kulay at sustansya ng gulay.

Step 7: Patayin ang apoy at ihain nang mainit kasabay ng kanin.",Sopas (Soup),"Maalat, Mabango, Magaan, Masabaw",Calories: ~190 kcal | Protein: ~24g | Fat: ~7g | Carbs: ~6g | Sodium: ~380mg,10,25,3,Easy,Low Cost,"Isda, Tilapia, Luya, Sopas, Filipino, Magaan, Masustansya","Tanghalian, Hapunan","Recovering, Sick, Light and healthy mood, Peaceful",
,Menudo,"Ang Menudo ay isang sikat na putaheng Pilipino na gawa sa pork belly at atay ng baboy na niluto sa masarap na tomato sauce kasama ang carrots, patatas, at red bell pepper. Ang karne ay ibinababad muna sa toyo at lemon juice para mas malasa at malambot. Ang tamis ng tomato sauce at pulang asukal ay nagbabalanse sa alat ng toyo at pagkaasim ng lemon. Ang makulay na mga gulay ay nagpapaganda ng hitsura at nagdadagdag ng sustansya sa bawat pinggan. Ito ay isang paboritong ulam sa mga handaan at espesyal na okasyon ng pamilyang Pilipino.","
2 lbs pork belly (mga 1 kilo), 1/2 lb atay ng baboy (mga 1/4 kilo), 1 tasang carrots hiniwa nang maliliit na kuwadrado, 1 tasang patatas hiniwa nang maliliit na kuwadrado, 1 tasang red bell pepper tinadtad, 1/2 tasang toyo, 1/2 pc. lemon o 4 pcs. calamansi, 1 maliit na sibuyas tinadtad, 3 cloves garlic hiniwa nang pinong-pino, 1 kutsaritang pulang asukal, 2 tasang tomato sauce, 1 tasang tubig, 1/4 tasang mantika","Step 1: Ibabad ang baboy sa toyo at lemon juice nang mga 1 oras para lumambot ang karne at sumipsip ng lasa.

Step 2: Initin ang kawali at maglagay ng mantika sa katamtamang apoy.

Step 3: Iprito ang patatas at carrots ng mga 5 minuto hanggang bahagyang luto at itabi.

Step 4: Igisa ang bawang at sibuyas sa magkatulad na kawali kung saan ipinirito ang mga gulay hanggang mabango at malambot.

Step 5: Idagdag ang binabad na pork belly at tubig saka bayaang kumulo sa katamtamang init ng apoy ng 15 minuto hanggang magsimulang lumambot ang karne.

Step 6: Idagdag ang atay ng baboy at tomato sauce at bayaang kumulo sa katamtamang init ng apoy ng 10 minuto.

Step 7: Idagdag ang piniritong carrots at patatas, red bell pepper, at pulang asukal saka pakuluan muli sa mahinang apoy ng 5 minuto.

Step 8: Dagdagan ng asin at paminta pampalasa ayon sa panlasa.

Step 9: Ihain nang mainit kasabay ng kanin.",Ulam (Main Dish),"Matamis, Maalat, Maasim-tamis, Malasa",Calories: ~410 kcal | Protein: ~30g | Fat: ~24g | Carbs: ~20g | Sodium: ~580mg,70,35,6,Moderate,High Cost,"Baboy, Menudo, Filipino, Ulam, Espesyal, Pamilya, Handaan","Tanghalian, Hapunan","Festive, Birthday mood, Happy, Celebratory",
,Lechon Kawali,"Ang Lechon Kawali ay isa sa mga pinakasikat at pinaka-inaabangan na putaheng Pilipino na kilala sa napakacrunchy nitong balat at malambot na karne sa loob. Ang liempo ay pinakuluan muna kasama ang pampalasa hanggang lumambot bago i-deep fry hanggang maging ginintuang kayumanggi at lumutong ang balat. Ang lihim sa perpektong lechon kawali ay ang pagtitiyak na matuyo ang karne bago iprito para makamit ang pinaka-crunchy na resulta. Perpekto itong ihain kasama ang lechon sauce, suka, o bagoong. Maaari ring gamitin sa sinigang o kare-kare bilang substitute sa regular na baboy.","2 lbs liempo, 2 kutsarang asin, 2 kutsarang buong paminta, 5 pcs. dahon ng laurel, 3 tasang mantika, 34 ounces tubig","Step 1: Ibuhos ang tubig sa isang malaking kaserola at pabayaang kumulo sa mataas na apoy.

Step 2: Ilagay ang liempo saka dagdagan ng 1 kutsarang asin, paminta, at dahon ng laurel saka pakuluan sa katamtamang init ng apoy ng 30 minuto o hanggang lumambot ang karne.

Step 3: Tanggalin ang karne sa kaserola at pabayaang lumamig ng ilang minuto sa labas para matuyo ang balat.

Step 4: Ikalat ang 1 kutsarang asin sa karne nang pantay-pantay. Siguraduhing nakakalat ang asin sa lahat ng bahagi ng karne para maging mas malasa.

Step 5: Ide-deep fry na ngayon ang karne. Sa isang tuyong kaserola, maglagay ng mantika at pabayaang uminit nang husto.

Step 6: Kapag mainit na ang mantika, ilagay ang karne sa kaserola at lutuin magkabila hanggang maging brown ang kulay at lumutong ang balat.

Step 7: Tanggalin ang karne sa kaserola at pabayaang lumamig. Kapag medyo humupa na ang init, hiwain ayon sa gustong laki at ihain nang mainit.",Ulam (Main Dish),"Maalat, Malutong, Masustansya, Malasa",Calories: ~520 kcal | Protein: ~25g | Fat: ~42g | Carbs: ~2g | Sodium: ~530mg,10,50,6,Moderate,Medium Cost,"Baboy, Lechon Kawali, Filipino, Ulam, Crunchy, Espesyal, Paboritong","Tanghalian, Hapunan","Indulgent, Celebratory, Craving satisfaction, Treat yourself",
,Kinilaw na Dulong,"Ang Kinilaw na Dulong ay isang sariwang at maasim na putaheng Pilipino na ginagawa nang walang pagluluto sa apoy. Ang dulong o baby fish ay ""niluluto"" lamang ng natural na citric acid mula sa lemon o calamansi na unti-unting nagpapalambot at nagpapaluto ng karne ng isda. Ang luya, siling labuyo, at paminta ay nagdadagdag ng anghang at lalim ng lasa. Ito ay isang popular na pulutan at meryenda na paboritong-paborito dahil sa sariwang lasa nito. Bukod sa dulong, maaari ring gamitin ang tuna o tanigue para sa iba't ibang uri ng kinilaw.","
1/2 lb dulong nilinis, 1 hanggang 2 pcs. ng lemon o 6 hanggang 8 pcs. calamansi, 1 1/2 kutsarang luya dinurog, 2 kutsaritang asin, 1/2 kutsaritang dinurog na itim na paminta, 1 hanggang 2 kutsaritang siling labuyo dinurog","Step 1: Ipagsama ang dulong, asin, at itim na paminta at dahan-dahang ihalo nang maigi hanggang mahalo ang lahat ng sangkap nang pantay-pantay.

Step 2: Idagdag ang dinurog na luya at dinurog na siling labuyo saka ipagpatuloy ang paghalo hanggang sa ang lahat ay pantay-pantay na naihalo at kumalat sa buong isda.

Step 3: Pigain ang lemon o calamansi at dahan-dahang ihalo ang mixture para ma-distribute ang juice nang pantay sa lahat ng sangkap.

Step 4: I-refrigerate ng mga 30 minuto. Sa stage na ito, ang citric acid mula sa lemon o calamansi ay unti-unting lulutuin ang isda nang natural hanggang maging malambot at opaque.

Step 5: Isalin sa isang serving bowl at ihain nang malamig.",Pulutan (Appetizer),"Maasim, Maalat, Maanghang, Sariwa",Calories: ~120 kcal | Protein: ~18g | Fat: ~3g | Carbs: ~4g | Sodium: ~400mg,10,30,3,Easy,Low Cost,"Dulong, Kinilaw, Isda, Filipino, Pulutan, Sariwa, Maasim",,"Adventurous, Bold, Party mood, Pulutan vibes",
,Lengua Estofada,"Ang Lengua Estofada ay isang marangyang putaheng Pilipino-Espanyol na gawa sa dila ng baka na niluto nang matagal hanggang maging napakasarap at malambot. Ang dila ay pinakuluan muna, tinanggal ang balat, at hiniwa nang manipis bago lutuin sa masarap na tomato sauce kasama ang mushrooms, green olives, at patatas. Ang green olives ay nagdadagdag ng natatanging maalat at maasim na lasa na nagbabalanse sa tamis ng tomato sauce. Ang beef cube ay nagpapalakas ng lasa ng sabaw. Ito ay isang espesyal na putahe na karaniwang inihahain sa mga handaan at espesyal na okasyon.","2 lbs dila ng baka nilinis pinakulo tinanggal ang balat at hiniwa nang manipis, 1 tasang tomato sauce, 1 pc. malaking patatas binalatan at hiniwa nang manipis crosswise, 1 kutsaritang bawang tinadtad, 1 medium-sized sibuyas tinadtad, 1 pc. beef cube, 1/2 tasang onion leeks tinadtad, 1/2 tasang green olives, 2 tasang white mushrooms hiniwa-hiwa, 1 kutsarang oyster sauce (optional), 1 tasang mantika, 3 tasang tubig","Step 1: Igisa ang bawang at sibuyas sa katamtamang apoy hanggang mabango at malambot.

Step 2: Ilagay ang dila ng baka at iluto ng ilang minuto para masipsip ng karne ang lasa ng ginisa.

Step 3: Idagdag ang tomato sauce, beef cube, at tubig saka pakuluan sa mahinang apoy ng 1 hanggang 1 1/2 oras. Kung gagamit ng pressure cooker, 30 minuto lamang. Dagdagan ng tubig kung kinakailangan.

Step 4: Sa magkahiwalay na kaserola, painitin ang mantika at iprito ang patatas hanggang ginintuang kayumanggi. Itabi.

Step 5: Sa magkatulad na kaserola, tanggalin ang sobrang mantika at igisa ang mushrooms hanggang malambot.

Step 6: Dagdagan ng oyster sauce saka itabi kasama ng mushrooms.

Step 7: Kapag malambot na ang dila ng baka, magdagdag ng asin, paminta, at onion leeks saka pakuluan sa mahinang apoy ng 5 minuto.

Step 8: Ihain ang dila ng baka kasama ang piniritong patatas at iginisang mushrooms sa pinggan.",Ulam (Main Dish),"Maalat, Maasim-tamis, Malasa, Malakas ang Lasa",Calories: ~480 kcal | Protein: ~35g | Fat: ~28g | Carbs: ~20g | Sodium: ~620mg,20,100,6,Easy,High Cost,"Baka, Lengua, Estofada, Filipino, Espanyol, Ulam, Espesyal, Handaan","Tanghalian, Hapunan","Fancy, Sophisticated, Celebratory, Special dinner mood",
,Hototay Soup,"Ang Hototay Soup ay isang masustansya at makulay na sopas na may impluwensiya ng Intsik na napakasikat sa mga Pilipino. Ito ay binubuo ng iba't ibang karne tulad ng baboy, manok, at atay ng baboy na pinagsama sa masarap na chicken stock kasama ang shiitake mushrooms, carrots, at repolyo. Ang hilaw na itlog ay idinagdag sa bawat mangkok bago ihain para sa dagdag na sustansya at creamy na texture. Ang hototay soup ay isang all-in-one na pagkain na puno ng protina, bitamina, at mineral na nagbibigay ng lakas at init sa katawan lalo na sa malamig na panahon.","1/2 lb baboy hiniwa nang maninipis, 1/2 lb pinakuluang chicken breast himay-himay, 1/4 lb atay ng baboy hiniwa nang pinong-pino, 4 hanggang 6 tasang chicken stock o chicken broth, 2 tasang repolyo o hiniwa-hiwang Baguio pechay, 1-1/2 tasang sariwang shiitake mushrooms hiniwa-hiwa, 1 tasang carrots hiniwa-hiwa, 1/2 tasang onion leeks hiniwa nang pinong-pino, 1 medium sibuyas tinadtad, 2 kutsaritang tinadtad na bawang, 3 hanggang 4 pcs. hilaw na itlog, 2 kutsaritang asin, 1 kutsaritang dinurog na paminta, 2 kutsarang mantika","Step 1: Painitin ang mantika sa kaserola sa katamtamang apoy.

Step 2: Igisa ang bawang at sibuyas hanggang mabango at transparent.

Step 3: Kapag malambot na ang sibuyas, idagdag ang baboy at lutuin hanggang maging light brown ang kulay ng karne.

Step 4: Ilagay ang manok at atay saka lutuin ng 3 hanggang 5 minuto hanggang maluto nang husto.

Step 5: Ibuhos ang chicken stock o chicken broth at bayaang kumulo sa mahinang apoy ng 7 hanggang 10 minuto.

Step 6: Idagdag ang carrots at mushrooms. Ihalo at iluto ng 3 minuto.

Step 7: Ilagay ang repolyo, asin, at dinurog na paminta. Ihalo at iluto ng 2 minuto.

Step 8: Patayin ang apoy saka ilagay sa mga mangkok nang maayos.

Step 9: Pangibabawan ng isang hilaw na itlog ang bawat bowl para sa karagdagang sustansya.

Step 10: Wisikan ng onion leeks at ihain nang mainit.",Sopas (Soup),"Maalat, Malasa, Masabaw, Mabango",Calories: ~320 kcal | Protein: ~30g | Fat: ~16g | Carbs: ~12g | Sodium: ~550mg,20,30,3,Moderate,Medium Cost,"Baboy, Manok, Sopas, Filipino-Chinese, Hototay, Masustansya, Espesyal","Almusal, Tanghalian, Hapunan","Cold weather, Nurturing, Comforted, Cozy",
,Kaldereta,"Ang Kaldereta ay isa sa mga pinakasikat at pinaka-espesyal na putaheng Pilipino na gawa sa baka na niluto sa masarap na tomato sauce kasama ang liver spread, green olives, at iba't ibang gulay. Ang liver spread ang siyang nagbibigay ng kakaibang lalim at pagkakaiba ng lasa ng kaldereta kumpara sa ibang beef stew. Ang green olives ay nagdadagdag ng bahagyang pait at asim na nagbabalanse sa tamis ng tomato sauce. Ang carrots, patatas, at bell pepper ay nagpapaganda ng kulay at nagdadagdag ng sustansya. Ito ay isang putaheng madalas inihahain sa mga espesyal na okasyon, Pasko, at iba pang pagtitipon ng pamilya.","2 lbs baka hiniwa-hiwa nang pakuwadrado, 3 garlic cloves dinurog at tinadtad, 1 sibuyas hiniwa nang pinong-pino, 4 tasang tubig, 1 tasang red bell pepper hiniwa ng mahahabang piraso, 1 tasang tomato sauce, 1/2 tasang liver spread o liver paste, 1 kutsaritang dinurog na sili, 3 malalaking dahon ng laurel, 2 tasang patatas hiniwa-hiwa nang malalaking piraso, 2 tasang carrots hiniwa-hiwa nang malalaking piraso, 1 tasang mantika, 2/3 tasang green olives, asin at paminta","Step 1: Initin ang mantika sa kaserola at iprito ang carrots at patatas hanggang maging light brown sila sa lahat ng gilid.

Step 2: Tanggalin ang piniritong carrots at patatas mula sa kaserola at itabi para sa bandang huli.

Step 3: Sa magkatulad na kaserola, igisa ang bawang at sibuyas hanggang mabango at malambot.

Step 4: Idagdag ang baka at bayaang kumulo ng 5 minuto hanggang maging kayumanggi ang karne sa lahat ng gilid.

Step 5: Dagdagan ng tubig at bayaang kumulo ang baka hanggang lumambot, mga 30 minuto kung gagamit ng pressure cooker o 1 hanggang 2 oras kapag gagamit ng ordinaryong kaserola.

Step 6: Idagdag ang tomato sauce at liver spread at pakuluan sa mahinang apoy ng 10 minuto hanggang lumapot ang sarsa.

Step 7: Idagdag ang green olives, carrots, dahon ng laurel, bell pepper, dinurog na sili, at patatas. Bayaang kumulo sa mahinang apoy ng 5 hanggang 8 minuto.

Step 8: Wisikan ng asin at paminta pampalasa ayon sa panlasa at ihain nang mainit.",Ulam (Main Dish),"Maalat, Matamis-Asim, Malasa, Malakas ang Lasa",Calories: ~450 kcal | Protein: ~34g | Fat: ~26g | Carbs: ~22g | Sodium: ~600mg,20,120,6,Difficult,High Cost,"Baka, Kaldereta, Filipino, Ulam, Espesyal, Handaan, Pamilya","Tanghalian, Hapunan","Festive, Proud, Special occasion, Indulgent, Celebratory",
,Adobong Dilaw,Isang natatanging version ng adobong manok/baboy na gumagamit ng turmeric o 'luyang dilaw' sa halip na toyo. Masarap at malambot na putahe na may kakaibang gintong kulay.,"2 lbs baboy hiniwa-hiwa, 1/2 tasang puting suka, 1/2 tasang puting sibuyas tinadtad, 1 maliit na sibuyas tinadtad, 1 knob turmeric (luya) hiniwa-hiwa tinadtad, 6 cloves garlic tinadtad, 4 dried bay leaves, 1 piece pork o beef cube (o 2 kutsaritang beef powder), 1/2 kutsaritang asukal, 1 tasang tubig, 2 kutsaritang peppercorn, 3 kutsarang mantika, curry powder","Step 1: Initin ang mantika sa kaserola. Ilagay ang bawang at lutuin hanggang maging light brown. Idagdag ang sibuyas. Iluto ng 1 minuto.

Step 2: Ilagay ang hiniwa-hiwang luya, peppercorn, at bay leaves. Iluto ng 10 hanggang 15 segundo.

Step 3: Idagdag ang hiniwa-hiwang baboy. Iluto habang hinahalo paminsan-minsan hanggang maging light brown ang baboy (mga 5 minuto). Pabayanng kumulo.

Step 4: Takpan ang kaserola at pabayanng kumulo sa mahinang apoy ng 30 to 45 minuto.

Step 5: Ibuhos ang suka. Pabayanng kumulo sa mahinang apoy muli ang sabaw.

Step 6: Ihalo at idagdag ang tubig kung kinakailangan. Miling lutuin ng isa pang minuto.

Step 7: Isalin sa isang serving plate. Number of servings (yield): 4",Ulam (Main Dish),"Maasim, Maalat, Maanghang",Calories: ~320 kcal | Protein: ~25g | Fat: ~18g | Carbohydrates: ~20g | Sodium: ~480mg,15,45,4,Easy,Low Cost,"Adobo, Dilaw, Turmeric, Baboy, Filipino","Tanghalian, Hapunan","Curious, Adventurous, Health-conscious, Nostalgic (Visayan roots)",
,Batchoy,"Isang sikat na pansit na sabaw mula sa Iloilo na may masarap na sabaw ng baboy, miki noodles, at iba't ibang bahagi ng baboy tulad ng atay at bituka.","1 lb miki noodles pinakuluan ng 1 minuto at inilisan ng tubig, 1 lb baboy, 1 lb bituka ng baboy nilinis, 1/4 lb atay ng baboy hiniwa-hiwa, 1 1/2 kutsaritang mahabang piraso, 1 kutsaritang asin, 1 kutsaritang bagoong (optional), 2 kutsaritang asukal, 1/2 kutsaritang dinurog na itim na paminta, 1 tasang chicharon dinurog, 3 kutsarang spring onion tinadtad, 1/4 tasang tinustang bawang, 7 tasang tubig","Step 1: Pakuluan ang tubig sa kaserola.

Step 2: Ilagay ang asin, asukal, onion powder, paminta at bagoong. Iluto nang isang minuto.

Step 3: Idagdag ang baboy at lutuin hanggang lunambot (mga 30 hanggang 45 minuto).

Step 4: Ilagay ang bituka at atay. Lutuin pagkaraan nang 6 hanggang 10 minuto.

Step 5: Tanggalin ang baboy, atay, at bituka mula sa sabaw (caldo). Itabi.

Step 6: Hiwaain ang baboy nang mahabang piraso.

Step 7: Ayusin ang nalutong miki noodles sa isang mangkok.

Step 8: Ilagay ang baboy, atay, at bituka sa ibabaw ng miki noodles.

Step 9: Ibuhos ang sabaw at ihalo sa mangkok at bituka sa pagkaraan ay pangibabawan ng miki noodles.

Step 10: Ihain habang mainit. Number of servings (yield): 6",Sopas (Noodle Dish),"Maalat, Malinamnam, Mataba",Calories: ~350 kcal | Protein: ~22g | Fat: ~15g | Carbohydrates: ~35g | Sodium: ~520mg,20,45,6,Moderate,Medium Cost,"Batchoy, Iloilo, Noodles, Baboy, Sabaw","Almusal, Meryenda, Tanghalian","Homesick (Ilonggo), Cold day, Comforted, Nostalgic, Hungry after work",
,Beef Pochero,"Isang masustansyang nilaga na may karne ng baka, mga gulay, at chorizo na niluto sa tomato sauce. Sikat na putahe para sa espesyal na okasyon.","2 lbs beef short ribs hiniwa, 1/4 pirasong repolyo hiniwa, 15 piraso, 1 tumbok ng Tagalog pechay, 2 malaking saging na saba hiniwa-hiwa nang mahahinpis, 1 medium-sized potato hiniwa-hiwa nang maliit na pakuwadrado, 1 malaking kamatis hiniwa-hiwa nang malilit na pakuwadrado, 3 pcs ng chorizo hiniwa-hiwa nang pakuwadrado, 2 malaking saging na saba hiniwa na pakuwadrado, 1 medium-sized onion hiniwa-hiwa nang manipis, 2 kutsarang buong paminta, 1 kutsarang patis, 2 kutsarang baka, 1 malaliit na latang tomato sauce, 1 tasa ng garbanzos","Step 1: Initin ang mantika sa kaserola at prituhim ang chorizo sa pinagprituhan ng saging at iprito ng mga 3 hanggang golden brown. Kapag naluto na, itabi pagkaraan.

Step 2: Ilagay ang chorizo sa pinagprituhan ng saging hanggang golden brown. Kapag naluto na, itabi pagkaraan.

Step 3: Igisa ang bawang, sibuyas at kamatis.

Step 4: Idagdag ang baka at lutuin ng 5 minuto.

Step 5: Idagdag ang patis, tomato sauce, paminta at haluing kumulo sa mahinang apoy hanggang lumambot ang karne (mga 35 minuto kapag nasa pressure cooker).

Step 6: Idagdag ang tubig at bayaang kumulo. Paminta at haluing kumulo sa mahinang apoy ng 5 minuto.

Step 7: Ilagay ang napritong chorizo, napritong saging, patatas at garbanzos at lumambot ang karne (mga 35 minuto kapag nasa pressure cooker).

Step 8: Idagdag ang repolyo, Baguio beans at pakuluan sa mahinang apoy ng 5 minuto para maluto ang repolyo, Tagalog pechay. Ihain nang mainit.

Step 9: Idagdag ang Tagalog pechay at patayin ang apoy. Takpan ang kaserola ng mahinang apoy ng mga 7 minuto. 5 minuto para maluto at Tagalog pechay. Ihain nang mainit.",Nilaga (Main Dish),"Maalat, Maasim, Malinamnam","Calories: ~380 kcal | Protein: ~28g | Fat: ~20g | Carbohydrates: ~25g | Fiber: ~6g | Sodium: ~600mg
",20,60,6,Moderate,Medium Cost,"Pochero, Baka, Chorizo, Nilaga, Filipino","Tanghalian, Hapunan","Celebratory, Festive, Warm and cozy, Family reunion",
,Bicol Express,"Isang sikat na putaheng nagmula sa Bicol na may baboy, gata ng niyog, at maraming sili. Kilala sa mapanganib na antas ng anghang at creamy na sabaw.","6 tasang gata ng niyog, 2 lbs baboy hiniwa-hiwa sa pakuwadrado, 3/4 tasang bagoong, mahabang bahagi, 1 kutsarang bawang tinadtad, 1/2 tasang luya kinukod, 6 pcs Thai chili pepper, 1 malaking sibuyas hiniwa-hiwa nang pakuwadrado, 2 siling labuyo, 2 kutsaritang mantika, asin at paminta","Step 1: Igisa ang bawang, sibuyas at luya.

Step 2: Idagdag ang baboy at patuloy na lutuin ng 5 minuto.

Step 3: Ilagay ang bagoong at iluto ng 7 minuto.

Step 4: Idagdag ang Thai chili pepper na sinundan ng gata ng niyog.

Step 5: Ihalo ang lahat ng sangkap nang maigi at pakuluan sa katamtamang init hanggang mag-evaporate ang gata ng niyog ng apoy ng 30 hanggang 40 minuto.

Step 6: Idagdag ang asin at paminta bilang pampalasa. Ihanda nang mainit.",Ulam (Main Dish),"Maanghang, Matamis, Maalat, Creamy",Calories: ~400 kcal | Protein: ~20g | Fat: ~30g | Carbohydrates: ~12g | Sodium: ~550mg,15,40,6,Easy,Medium Cost,"Bicol Express, Baboy, Gata, Sili, Maanghang","Tanghalian, Hapunan","Thrill-seeking, Bold, Excited, Adventurous, Spice lover's joy",
,Binagoongan Recipe,Isang masarap na putahe ng baboy na niluto sa bagoong at suka. May malalim na lasa na nagmumula sa pinagsamang bagoong at mga pampalasa.,"2 lbs baboy hiniwa-hiwa nang pakuwadrado, 1 kutsarang bawang tinadtad, 1/2 tasang sibuyas tinadtad, 1/2 tasang suka, 5 kutsarang bawang tinadtad, 1/2 tasang kamatis tinadtad, 1 pc siling mahaba hiniwa-hiwa, 1/2 tasang bagoong, 3-5 pcs dahon ng laurel, 1 kutsarang suka, 24 ounces tubig, asin at paminta","Step 1: Sa kaserola, ibuhos ang tubig at pabayanng kumulo.

Step 2: Ilagay ang baboy, suka at dahon ng laurel at bayaang lumambot ang bayaang kumulo sa ibang pang karne. Ihiwalay ito sa sabaw at iba pang
karne.

Step 3: Tanggalin ang karne ng mula sa kaserola. Ihiwalay ito sa sabaw at iba pang karne.

Step 4: Sa magkahiwalay na kawali, igisa ang bawang, sibuyas at kamatis.

Step 5: Idagdag ang bagoong at pakuluan sa mahinang apoy ng 5 minuto (mas matagal kung hiilaw ang bagoong).

Step 6: Ilagay ang baboy at lutuin ng 7 minuto. Siguraduhing nahalo nang maigi matagal kung hiilaw ang bagoong.

Step 7: Ilagay ang baboy at lutuin ng 7 minuto. Siguraduhing nahalo nang maigi ang baboy.

Step 8: Lagyan ng pampalasa: asin at paminta at pagkaraan ay haluin.

Step 9: Ibuhos ang suka at iluto nang 8 hanggang 10 minuto sa mahinang init ng apoy.

Step 10: Patayin ang apoy at isalin sa plato. Number of servings (yield): 8",Ulam (Main Dish),"Maalat, Maasim, Malinamnam",Calories: ~120 kcal | Carbohydrates: ~25g | Sugar: ~15g | Sodium: ~300mg,15,45,8,Easy,Low Cost,"Binagoongan, Baboy, Bagoong, Filipino, Ulam","Tanghalian, Hapunan","Craving something strong, Bold mood, Indulgent, Happy",
,Bulalo,Isang masarap na sabaw na gawa sa paa ng baka na niluto ng matagal hanggang lumambot. Paborito ng maraming Pilipino lalo na sa malamig na panahon.,"2 lbs paa ng baka, 1/2 pc maliit na repolyo hiniwalay isa-isa ang mga dahon, 1 maliit na tali ng Baguio pechay, 3 pcs mais hiniwa sa 3 bahagi, 2 kutsarang buong paminta, 1/2 tasang onion leeks, 1 medium-sized onion, 34 ounces ng tubig, 2 kutsarang patis (optional)","Step 1: Sa isang malaking kaserola, ibuhos ang tubig at pakuluan ito.

Step 2: Ilagay ang paa ng baka saka ang sibuyas at buong paminta at pagkaraan ay pakuluan sa mahinang apoy ng 1.5 oras o hanggang sa lumambot ang karne. (30 min. kung gumagamit ng pressure cooker)

Step 3: Idagdag ang mais at pakuluan muli nang 10 minuto.

Step 4: Idagdag ang patis, repolyo, pechay at onion leeks.

Step 5: Ihain habang mainit.",Sabaw (Soup),"Maalat, Malinamnam, Mataba",Calories: ~250 kcal | Protein: ~26g | Fat: ~10g | Calcium: ~80mg | Sodium: ~420mg,10,90,4,Easy,Medium Cost,"Bulalo, Sabaw, Baka, Soup, Filipino","Tanghalian, Hapunan","Cold Tagaytay weather, Romantic, Cozy date, Nostalgic, Comforted",
,Bulanglang,Isang simpleng gulay na niluto sa pinagbanlawan ng bigas. Isang masustansyang putahe na puno ng mga sariwang gulay at dahon ng malunggay.,"1 pc maliit na berdeng papaya hiniwa-hiwa, 2 tasang kalabasa hiniwa-hiwa, patola hiniwa-hiwa, lemon grass (optional), 3 medium kamatis hiniwa-hiwa, 10 to 15 maliit na okra, 1 tasang dahon ng malunggay, 4 cloves garlic tinadtad, 1 hinlalaki na luya tinadtad, 1 to 2 kutsaritang asin, 4 to 6 tasang pinagbanlawan ng bigas","Step 1: Iinit ang kaserola at ibuhos ang pinagbanlawan ng bigas. Bayaang kumulo.

Step 2: Idagdag ang bawang, luya at lemon grass. Pakuluan ng 5 hanggang 7 minuto.

Step 3: Tanggalin ang lemon grass. Idagdag ang papaya at kalabasa. Pakuluan ng 6 minuto.

Step 4: Idagdag ang kamatis, okra at patola. Iluto ng 3 hanggang 4 minuto.

Step 5: Ilagay ang dahon ng malunggay at asin. Ihalo. Patayin ang apoy.

Step 6: Isalin sa isang mangkok at ihain habang mainit.",Gulay (Vegetable Dish),"Maasim, Maalat, Natural","Calories: ~90 kcal | Fiber: ~5g | Vitamins: High | Minerals: Moderate
",15,25,4,Easy,Low Cost,"Bulanglang, Gulay, Malunggay, Healthy, Filipino","Tanghalian, Hapunan","Health-conscious, Peaceful, Humble, Simple living",
,Callos,"Isang masarap na putaheng Espanyol-Filipino na gawa sa paa at tuwalya ng baka, chorizo de bilbao, at garbanzo beans na niluto sa tomato sauce. Espesyal na ulam para sa mahahalagang okasyon.","1 1/2 lb paa ng baka nilinis, 2 lbs tuwalya ng baka nilinis, 15 ounces garbanzo beans, 8 ounces tomato sauce, 2 pcs chorizo de bilbao hiniwa-hiwa, 1/4 lb bacon hiniwa crosswise 1 inch ang haba, 1 malaking bell pepper hiniwa sa malalapad na piraso, 1 malaking sibuyas hiniwa-hiwa, 1/4 tasang extra virgin olive oil, 1 kutsaritang asin, 1/2 kutsaritang dinurog na paminta, 1 medium-sized carrot hiniwa-hiwa nang pakuwadrado, 1 kutsaritang buong paminta, 4 tasang tubig","Step 1: Ibuhos ang tubig sa kaserola at pakuluan.

Step 2: Ilagay ang sibuyas, buong paminta, paa at tuwalya ng baka. Pakuluan sa katamtamang init ng apoy hanggang malambot na malambot na ang paa at tuwalya ng baka (maaari kayong gumamit ng pressure cooker).

Step 3: Tanggalin ang paa ng baka at tuwalya mula sa kaserola at bayaang lumamig nang ilang minuto. Itabi ang stock para mamaya.

Step 4: Guntingin ang tuwalya ng baka ayon sa kayang lunukin ng tao at tanggalin ang laman sa paa ng baka. Itabi.

Step 5: Painitin ang kawali at buhusan ng olive oil. Idagdag ang chorizo de bilbao at bacon at pagkaraan ay iluto sa katamtamang init ng apoy ng 5 hanggang 8 minuto.

Step 6: Ibuhos ang tomato sauce at bayaang kumulo.

Step 7: Idagdag ang malambot na paa at tuwalya ng baka at 2 tasa ng stock (tubig na ginamit para pakuluan ang paa at tuwalya ng baka) saka pakuluan sa mahinang apoy ng 10 minuto.

Step 8: Idagdag ang asin at paminta saka idagdag ang carrots. Pakuluan sa mahinang apoy ng 3 minuto.

Step 9: Ilagay ang garbanzo beans at pakuluan sa mahinang apoy ng 10 minuto.

Step 10: Isalin sa isang mangkok. Ihain nang mainit.",Ulam (Main Dish),"Maalat, Malinamnam, Mataba",Calories: ~450 kcal | Protein: ~30g | Fat: ~28g | Carbohydrates: ~20g | Fiber: ~5g | Sodium: ~580mg,30,120,6,Difficult,High Cost,"Callos, Baka, Chorizo, Espanyol, Fiesta","Tanghalian, Hapunan","Festive, Fiesta mood, Indulgent, Proud, Celebratory",
,Bopis,"Isang masarap na putahe na gawa sa puso at baga ng baboy na niluto sa atsuete, suka, at mga pampalasa. Kilala sa maanghang at malinamnam na lasa.","1 1/2 lbs baga ng baboy pinakuluan sa lemon grass at dahon ng pandan hanggang lumambot at pagkaraan ay tinadtad, 1 lb puso ng baboy pinakuluan sa lemon grass at dahon ng pandan hanggang lumambot at pagkaraan ay tinadtad, 1/2 cup annatto seeds o buto ng atsuete na dinurog sa tubig saka sinala ang buto (itabi ang sabaw), 1 maliit na carrot tinadtad, 4 to 6 kutsarang puting suka, 2 kutsarang siling labuyo tinadtad, 2 kutsarang luya tinadtad, 1 medium sibuyas tinadtad, 4 cloves garlic tinadtad, 3 to 4 pcs dahon ng laurel, 1 tasang tubig, 3 kutsarang mantika, asin at paminta pampalasa","Step 1: Iinit ang kawali at lagyan ng mantika.

Step 2: Igisa ang luya, bawang at sibuyas.

Step 3: Ilagay ang tinadtad na baga ng baboy at puso iluto nang 3 hanggang 5 minuto habang hinahalo paminsan-minsan.

Step 4: Idagdag ang dahon ng laurel at ibuhos ang annatto water at haluin.

Step 5: Ilagay ang tinadtad na carrots at ihalo. Pakuluan sa mahinang apoy 3 minuto at pagkaraan ay haluin.

Step 6: Lagyan ng pampalasa: asin at paminta at pagkaraan ay haluin.

Step 7: Ilagay ang tinadtad na carrots at ihalo. Pakuluan sa mahinang apoy 3 minuto at pagkaraan ay haluin.

Step 8: Lagyan ng pampalasa: asin at paminta at pagkaraan ay haluin.

Step 9: Ibuhos ang suka at iluto nang 8 hanggang 10 minuto sa mahinang init ng apoy.

Step 10: Patayin ang apoy at isalin sa plato. Number of servings (yield): 8",Ulam (Main Dish),"Maanghang, Maasim, Maalat",Calories: ~420 kcal | Protein: ~32g | Fat: ~24g | Iron: ~4mg | Sodium: ~600mg,30,45,8,Moderate,Low Cost,"Bopis, Baboy, Atsuete, Maanghang, Filipino","Tanghalian, Hapunan, Pulutan","Adventurous, Party mood, Pulutan vibes, Bold",
,Chicken Feet with Tausi,"Isang masarap na putahe ng paa ng manok na niluto sa tomato sauce, black beans (tausi), at iba't ibang pampalasa. Malinamnam at malapot ang sarsa.","1 kg medium-sized paa ng manok, 1 clove garlic, 2 medium pcs sibuyas, 1 kutsaritang tinadtad na luya, 1 kutsarang asin, 200 ml tomato sauce, 70 ml tomato paste, 1/2 tasang puting asukal, 1 kutsarang puting paminta, 2 kutsaritang chili powder, 2 maliliit na pirasong red bell pepper, 1 kutsarang sesame oil, 1 lata ng 235 ml black beans, 1/2 bar butter","Step 1: Ilagay ang manok sa pressure cooker at magdagdag ng 3 tasang tubig na may 2 kutsaritang asin. Pakuluan ng 15 minuto o hanggang lumambot. Maaari kayong gumamit ng kaserola kung walang pressure cooker subalit mas matagal ang pagluluto.

Step 2: Kapag tama na ang lambot ng chicken feet, salain ang tubig at itabi ngunit huwag itapon ang stock.

Step 3: Habang hinihintay na maluto ang chicken feet, tadtarin ang bawang, sibuyas at luya para magkasya sa isang kutsarita. Ihanda rin ang iba pang mga sangkap.

Step 4: Kapag handa na ang mga sangkap, iinit ang kawali sa katamtamang init ng apoy. Igisa ang bawang, sibuyas at luya at pagkaraan ay idagdag ang paa ng manok. Dahil malambot na sila, isti-stir fry mo na lamang sila ng 1 hanggang 5 minuto.

Step 5: Ihalo ang tomato sauce at tomato paste gamit ang kahoy na sandok. Ipagpatuloy ang paghalo habang binabaligtad-baligtad ang chicken feet sa paraang hindi siya madudurog.

Step 6: Magdagdag ng 1 tasang stock. Pakuluan sa mahinang apoy nang ilang minuto. Idagdag ang iba pang natitirang sangkap at pampalasa. Dapat manamis-namis at maalat ang sauce.

Step 7: Pakuluan sa mahinang apoy hanggang maging malapot ang sauce. Hindi na kailangang magdagdag ng asin sa sauce dahil inasinan na ang chicken feet at maalat din ang tausi o black beans.

Step 8: Kapag tama na ang lapot ng sauce, patayin ang apoy at ilagay ang niluto sa isang serving tray o mangkok.",Ulam (Main Dish),"Maalat, Matamis, Malinamnam",Calories: ~300 kcal | Protein: ~20g | Fat: ~18g | Collagen: Moderate | Sodium: ~500mg,20,40,4,Moderate,Low Cost,"Chicken Feet, Tausi, Black Beans, Manok, Filipino","Tanghalian, Hapunan, Pulutan","Nostalgic (Chinese-Filipino roots), Curious, Adventurous, Cozy",
,Chicken Curry,Isang masarap na putahe ng manok na niluto sa gata ng niyog at curry powder. May kasamang patatas at iba't ibang gulay para sa mas kumpletong pagkain.,"2 lbs manok hiniwa ayon sa kayang ubusin ng kakain, 1 malaking patatas hiniwa nang kuwadrado, 1 kutsarang bawang dinurog, 3 tangkay ng celery hiniwa ng 2 inches ang haba, 1 medium sibuyas tinadtad, 1 maliit na red bell pepper hiniwa nang pakuwadrado, 2 kutsarang patis, 1 tasang gata ng niyog, 2 kutsarang curry powder, 1 luya na kasing laki ng hinalalaki hiniwa nang mahahabang parte, 1 tasang tubig","Step 1: Iprito ang patatas at itabi.

Step 2: Iprito sandali ang manok at itabi. (Huwag masyadong luto ang manok.)

Step 3: Sa kawali kung saan ipinirito ang manok, igisa ang bawang, sibuyas at luya.

Step 4: Idagdag ang piniritong manok, patis at curry powder.

Step 5: Idagdag ang tubig at pakuluan sa katamtamang apoy hanggang sa lumambot ang manok.

Step 6: Ilagay ang red bell pepper, celery, at piniritong patatas. Pakuluan sa mahinang apoy ng 5 minuto.

Step 7: Idagdag ang gata ng niyog at haluing mabuti. Pakuluan sa mahinang apoy ng 5 minuto. Number of servings (yield): 6",Ulam (Main Dish),"Maanghang, Creamy, Malinamnam",Calories: ~350 kcal | Protein: ~28g | Fat: ~18g | Carbohydrates: ~15g | Sodium: ~620mg,20,40,6,Easy,Medium Cost,"Chicken Curry, Manok, Gata, Curry, Filipino","Tanghalian, Hapunan","Cozy, Comforted, Rainy day, Warm and satisfied",
,Dinuguan Recipe,Isang tradisyonal na putaheng Filipino na gawa sa karne ng baboy at dugo ng baboy. Kilala rin bilang 'chocolate meat' o 'pork blood stew.',"1 lb pork kasim hiniwa-hiwa sa maliliit na kuwadrado, 1 tasang suka, 2 pcs mahahabang sili, 1 1/2 kutsarang pulang asukal, 1 medium sized sibuyas hiniwa nang napakapino, 1 kutsarang bawang tinadtad, 1 kutsarang mantika, 1 tasang tubig, 10 oz dugo ng baboy","Step 1: Igisa ang bawang at sibuyas sa kaserola.

Step 2: Idagdag ang baboy at igisa nang 5 minuto. Kung nais mong mas maging malasa, maaari kang magdagdag ng 1 pork o beef cube na sinundan ng isa hanggang dalawang tasang tubig.

Step 3: Pakuluan sa mahinang apoy hanggang sa maubos ang tubig para palambutin ang karne.

Step 4: Idagdag ang dugo ng baboy at haluing maigi. Bayaang kumulo sa katamtamang init ng apoy sa loob ng 10 minuto.

Step 5: Idagdag ang suka. Muling pakuluan sa mahinang apoy ng 15 minuto.

Step 6: Ilagay ang pulang asukal, pagkaraan ay ang mahahabang sili at pakuluan sa mahinang apoy ng 2 minuto.

Step 7: Ihain nang mainit.",Ulam (Main Dish),"Maalat, Maasim, Malinamnam",Calories: ~370 kcal | Protein: ~30g | Fat: ~20g | Iron: ~5mg | Sodium: ~640mg,15,40,4,Easy,Low Cost,"Dinuguan, Baboy, Dugo, Traditional, Filipino","Tanghalian, Hapunan","Adventurous, Bold, Nostalgic, Merienda happiness, Curious",
,Chicken Inasal,"Isang sikat na inihaw na manok mula sa Bacolod na may espesyal na marinade ng luya, bawang, tanglad, at suka. Kilala sa maanghang at mabangong lasa.","2 lbs manok hiniwa ayon sa serving pieces, 2 kutsarang luya tinadtad, 2 kutsarang bawang tinadtad, 3/4 tasang tanglad, 1 tasang suka, 1/2 tasang lemon o calamansi juice, 1 kutsarang asin, 1/4 tasang pulang asukal, 1 tasang lemon soda, 1/2 kutsarang durog na itim na paminta, 3 kutsarang annatto oil, 1/2 tasang mantikilya, 1/4 kutsaritang asin, 1 kutsaritang lemon o calamansi juice","Step 1: Sa isang malaking mangkok, pagsama-samahin ang manok, tanglad, asin, dinurog na itim na paminta, luya, bawang, pulang asukal, suka, lemon-lime soda at lemon/calamansi juice.

Step 2: Ihalo ang mixture nang maigi hanggang mababad nang husto ang manok. Ibabad nang mga 1 hanggang 3 oras.

Step 3: Sa isang magkahiwalay na mangkok, pagsama-samahin ang mantikilya, annatto oil, asin at lemon/calamansi juice. Ihalo nang maigi saka itabi. Ito ang magiging margarine mixture mo.

Step 4: Ihaw ang manok habang pinapahiran ito ng margarine mixture.

Step 5: Isalin ang nalutong inihaw na manok sa isang pinggan. Ihain kasama ang sinamak (pinaghalong suka, siling labuyo, bawang, asin at paminta na sawsawan).",Inihaw (Grilled Dish),"Maalat, Maasim, Mabango, Maanghang",Calories: ~450 kcal | Protein: ~28g | Fat: ~25g | Carbohydrates: ~22g | Sodium: ~560mg,30,30,4,Moderate,Medium Cost,"Inasal, Manok, Inihaw, Bacolod, Grilled","Tanghalian, Hapunan","Proud (Bacolod pride), Satisfied, Hungry, Excited, Happy",
,Dinengdeng Recipe,Isang tradisyonal na Ilocano na putahe ng bangus at mga sariwang gulay na niluto sa bagoong isda. Masustansya at puno ng natural na lasa ng mga gulay.,"1 buong bangus inihaw at hiniwa-hiwa, 2 to 3 tasang dahon ng malunggay nilinis, 2 tasang bulaklak ng kalabasa, 12 to 15 pieces small to medium sized okra, 1 tali ng sitaw hiniwa ng 3 inches, 2 pieces medium ampalaya tinanggalan ng buto at hiniwa, 2 to 3 kutsarang bagoong isda, 1 luya hiniwa-hiwa, 2 medium kamatis tinadtad, 1 medium sibuyas tinadtad, 3 tasang tubig","Step 1: Pakuluan ang tubig sa isang malaking kaserola.
Step 2: Idagdag ang luya, sibuyas at kamatis. Takpan at lutuin ng 5 minuto.
Step 3: Ibuhos ang bagoong isda. Ihalo.
Step 4: Idagdag ang okra at sitaw. Ihalo at idagdag ang ampalaya. Lutuin sa katamtamang init ng apoy ng 7 to 10 minuto.
Step 5: Ilagay ang bulaklak ng kalabasa at dahon ng malunggay. Lutuin ng 3 to 5 minuto.
Step 6: Idagdag ang inihaw na bangus. Pabayaang sipsipin ng dinengdeng para lalong tumingkad ang lasa. Ihain nang mainit.",Sabaw (Soup) / Gulay (Vegetable Dish) / Isda (Fish Dish),"Maalat, Malinamnam, Natural",Calories: ~300 kcal | Protein: ~22g | Fiber: ~6g | Vitamins: High | Omega-3: Moderate,15,25,4,Easy,Low Cost,"Dinengdeng, Ilocano, Bangus, Gulay, Healthy","Tanghalian, Hapunan","Nostalgic (Ilocano roots), Health-conscious, Simple and peaceful",
,Ginataang Langka,Isang masarap na putahe ng hilaw na langka na niluto sa gata ng niyog at daing. Isang simpleng ulam na may creamy at malinamnam na lasa.,"1 lb hilaw na langka binalatan at hiniwa-hiwa, 1 malaking sibuyas hiniwa-hiwa ng pakuwadrado, 5 cloves crushed garlic, 3/4 tasang kamatis hiniwa-hiwa nang pakuwadrado, 3 to 5 pcs sili, 3 tasang gata ng niyog, 3/4 tasang tubig, 1/2 tasang daing hinimay at tinanggal ang tinik, 1 pc shrimp cube","Step 1: Iinit ang kawali o kaserola at ibuhos ang gata ng niyog. Bayaang kumulo.

Step 2: Idagdag ang bawang at sibuyas saka lutuin ng 3 to 5 minuto habang patuloy na hinahalo ang mixture.

Step 3: Ilagay ang kamatis at sili. Patuloy na haluin para hindi mamuo.

Step 4: Idagdag ang daing at iluto ng 5 minuto.

Step 5: Ibuhos ang tubig at bayaang kumulo muli.

Step 6: Idagdag ang hiniwa-hiwang langka saka ihalo sa iba pang mga sangkap. Pakuluan sa mahinang apoy ng 5 hanggang 8 minuto.

Step 7: Maglagay ng shrimp cube saka haluin nang maigi. Pakuluan sa mahinang apoy hanggang matuyo nang kaunti.

Step 8: Isalin sa mangkok at ihain habang mainit.",Ulam (Main Dish) / Gulay (Vegetable Dish),"Creamy, Maalat, Malinamnam",Calories: ~280 kcal | Fiber: ~7g | Fat: ~12g | Carbohydrates: ~35g,15,30,4,Easy,Low Cost,"Ginataang Langka, Gata, Gulay, Langka, Filipino","Tanghalian, Hapunan","Comforted, Nostalgic, Simple joy, Humble",
,Ginataang Halo-Halo,Isang masarap na Filipino na dessert na may iba't ibang uri ng gulay at prutas na niluto sa gata ng niyog. Maaaring ihain nang mainit o malamig.,"1-1/2 tasang kamote hiniwa-hiwa nang pakuwadrado, 1 tasang gabi hiniwa-hiwa nang pakuwadrado, 1-1/2 tasang ube, 1-1/4 tasang saging na saba hiniwa-hiwa nang pakuwadrado, 1 tasang hinog na langka hiniwa-hiwa, 2 tasang sago niluto, 12 to 20 pcs bilo-bilo (galapong na hinugis bilog), 1 tasang puting asukal, 3-1/2 tasang gata ng niyog, 2 tasang tubig","Step 1: Ibuhos ang tubig sa isang malaking kaserola at pabayaang kumulo.

Step 2: Idagdag ang 1-3/4 tasang gata ng niyog at hintaying kumulo.

Step 3: Ilagay ang kamote, ube, gabi at pakuluan ng 8 minuto sa katamtamang init ng apoy.

Step 4: Ibuhos ang natitirang gata ng niyog, asukal, bilo-bilo saka haluin. Pakuluan sa katamtamang init ng apoy ng 7 minuto.

Step 5: Idagdag ang saging na saba at muling lutuin ng 2 minuto.

Step 6: Ilagay ang langka at muling iluto ng 2 minuto.

Step 7: Idagdag ang nalutong sago saka haluin. Pakuluan sa mahinang apoy ng 1 minuto.

Step 8: Patayin ang apoy at isalin sa mangkok. Ihain nang mainit o malamig.",Dessert (Meryenda),"Matamis, Creamy, Malinamnam",Calories: ~500 kcal | Carbohydrates: ~60g | Fat: ~20g | Sugar: ~35g | Vitamins: Moderate,20,25,6,Easy,Low Cost,"Ginataang Halo-Halo, Dessert, Gata, Filipino, Matamis","Meryenda, Dessert","Rainy afternoon, Cozy, Sweet tooth satisfied, Nostalgic",
,Goto,"Isang paboritong pagkain ng Pinoy dahil bukod sa mura, nakapagpapainit pa ng tiyan. Masarap na lugaw na may tuwalya ng baka at iba't ibang pampalasa. Maaaring ihain bilang almusal, merienda, pananghalian at hapunan.","1 1/2 lbs tuwalya ng baka hiniwa ayon sa kayang lunukin ng tao, 1 tasang hilaw na kanin, 17 ounces ng tubig (mga 500 ml), 500ml ng beef stock o 1 piraso ng beef cube (bouillon) na nilusaw sa 500 ml na tubig, 2 kutsarang patis, 1 kutsaritang bawang tinadtad, 1/2 kutsaritang dinurog na paminta, 1/2 tasang sibuyas tinadtad, 4 pcs binalatang nilagang itlog, 1/2 tasang onion leeks hiniwa nang pino, 2 maliliit na pirasong luya hiniwa-hiwa nang pahaba, 1 kutsarang kasubha (safflower), 1 pc lemon o 4 pcs calamansi, 3/4 tasang chicharon dinurog, 2 kutsarang mantika","Step 1: Sa kaserola, painitin ang mantika saka igisa ang bawang, sibuyas at luya. Wisikan ng kaunting paminta. Idagdag ang tuwalya ng baka at lutuin ng 2 minuto.

Step 2: Ibuhos ang patis at tubig saka pakuluan sa katamtamang init ng apoy hanggang lumambot ang tuwalya ng baka (maaari kayong gumamit ng pressure cooker para mas mabilis).

Step 3: Idagdag ang hilaw na kanin at haluin. Ibuhos ang beef broth at bayaang kumulo.

Step 4: Ihalo paminsan-minsan hanggang sa lumagkit ang kanin (mga 40 minuto). Dagdagan ng tubig kung kinakailangan. Ilagay ang binalatang nilagang itlog saka haluin.

Step 5: Idagdag ang safflower para magkaroon ng karagdagang kulay at amoy.

Step 6: Ihain nang mainit kasama ang hiniwa nang pinong onion leeks, dinurog na chicharon at lemon/kalamansi.",Lugaw (Soup),"Maalat, Malinamnam, Mataba",Calories: ~320 kcal | Protein: ~18g | Carbohydrates: ~30g | Fat: ~10g | Collagen: Moderate,15,60,4,Moderate,Low Cost,"Goto, Lugaw, Baka, Sabaw, Filipino","Almusal, Meryenda, Tanghalian, Hapunan","Late night hunger, Exhausted after work, Rainy day, Comforted, Broke but happy",
,Ginataang Munggo,"Isang masarap na Filipino na kakanin na gawa sa tinustang buto ng munggo, malagkit na bigas, at gata ng niyog. Isang matamis at creamy na merienda o dessert.","1/2 tasang buto ng munggo, 2 1/2 tasang gata ng niyog, 1/2 tasang malagkit, 6 to 7 kutsarang asukal","Step 1: Iinit ang kawali at ilagay ang buto ng munggo.

Step 2: Tustahin ang munggo hanggang maging brown.

Step 3: Patayin ang apoy at bayaang lumamig ang buto ng munggo.

Step 4: Durugin ang tinustang buto ng munggo gamit ang mortar and pestle (almires). Itabi.

Step 5: Iinit ang kaserola at ibuhos ang gata ng niyog. Pabayaang kumulo.

Step 6: Idagdag ang malagkit at munggo saka haluin. Iluto sa mahinang apoy 15 hanggang 18 minuto habang hinahalo o hanggang maghalo ang gata ng niyog.

Step 7: Idagdag ang asukal saka haluin.

Step 8: Patayin ang apoy at isalin sa mangkok. Lagyan ng konting gata ng niyog bago kainin para mas masarap.",Kakanin (Dessert),"Matamis, Creamy, Malinamnam",Calories: ~260 kcal | Carbohydrates: ~45g | Fat: ~12g | Protein: ~10g | Fiber: ~6g,10,25,4,Easy,Low Cost,"Ginataang Munggo, Kakanin, Gata, Dessert, Filipino","Meryenda, Dessert","Sweet tooth, Nostalgic, Warm afternoon snack, Cozy",
,Champorado,Ang Champorado ay isang klasikong pagkaing Pilipino na mainam na alternatibo para sa almusal at meryenda. Ito ay isang masustansiya at masarap na lugaw na gawa sa malagkit na kanin at tsokolate (cocoa powder o tablea) na nakakapagtanggal ng umay mula sa mga karaniwang piniritong pagkain. Ang paggamit ng tsokolate tablea ay nagbibigay dito ng mas madilim na kulay at mas malalim na lasa kumpara sa cocoa powder. Karaniwan itong inihahain nang mainit at nilalagyan ng gatas sa ibabaw para sa balanseng tamis at linamnam.,"8 kutsarang cocoa powder (o 4 pcs. tsokolate tablea), 1 tasang malagkit, 1/2 tasang asukal, 3 1/2 tasang tubig, gatas evaporada o condensed milk (optional), chili powder o cinnamon o vanilla essence (optional twist)","Step 1: Ibuhos ang 2 1/2 tasang tubig sa isang kaserola at hayaan itong kumulo sa katamtamang apoy.

Step 2: Kapag kumulo na ang tubig, ilagay ang malagkit na bigas at hayaang kumulo muli nang ilang minuto hanggang sa magsimulang lumambot ang butil.

Step 3: Lusawin ang cocoa powder (o durugin at lusawin ang tsokolate tablea) sa natitirang 1 tasang mainit-init na tubig, pagkatapos ay ibuhos ito sa kaserola at ihalo nang tuloy-tuloy upang hindi mamuo.

Step 4: Kapag luto na ang malagkit (mga 12 hanggang 18 minuto habang patuloy na hinahalo), idagdag ang asukal, haluin nang maigi, at lutuin pa ng 5 minuto hanggang sa lumapot ang texture ng champorado.

Step 5: Sandukin ang nilutong champorado mula sa kaserola at ilagay sa isang serving bowl.

Step 6: Ihanda at ihain nang mainit kasama ang gatas evaporada o condensed milk na pinaikot sa ibabaw bilang pampatamis.",Meryenda / Almusal (Rice Porridge),"Matamis, Chocolatey, Creamy",Calories: ~280 kcal | Protein: ~5g | Fat: ~3g | Carbohydrates: ~58g | Sodium: ~15mg,5,30,4,Easy,Low Cost,"Champorado, Tsokolate, Malagkit, Filipino, Almusal, Meryenda","Almusal, Meryenda","Rainy morning, Cozy, Nostalgic, Childlike joy, Lazy day",
,Corn Dogs,"Ang Corn Dogs ay isang paboritong meryenda na gawa sa beef frankfurters o hotdogs na binalot sa isang makapal at malinamnam na batter na gawa sa cornmeal at harina. Ito ay ipiniprito hanggang maging golden brown at crunchy ang labas habang nananatiling malambot at juicy ang loob. Dahil ito ay nakatusok sa barbecue sticks, ito ay isang masaya at Easyng kaining pagkain na swak na swak para sa mga bata, sa mga party, o bilang mabilis na meryenda.","1 tasang dilaw na cornmeal, 1 tasang all-purpose flour, 1/4 kutsaritang asin, 1/8 kutsaritang itim na paminta, 1/4 tasang puting asukal, 4 kutsaritang baking powder, 1 itlog, 1 tasang gatas evaporada, 1 quart mantika pangprito, 2 (16 ounce) packages beef frankfurters, 16 barbecue sticks","Step 1: Sa isang malaking mangkok, pagsama-samahin ang mga tuyong sangkap: cornmeal, harina, asin, paminta, asukal, at baking powder, pagkatapos ay ihalo nang maigi ang itlog at gatas hanggang maging smooth ang batter.

Step 2: Mag-init ng mantika sa isang malalim na kaserola sa katamtamang init ng apoy upang masiguro na lubog ang corn dogs kapag pinirito.

Step 3: Tusukin ang bawat beef frankfurter ng barbecue sticks at irolyo o isawsaw ang mga ito sa inihandang batter hanggang sa mabuti itong mabalot (well coated).

Step 4: Magprito ng 2 hanggang 3 pirasong corn dogs nang sabay-sabay sa mainit na mantika sa loob ng mga 3 minuto o hanggang maging light brown ang kulay nito.

Step 5: Kapag luto na, hanguin ang mga corn dogs at patiktikin sa paper towels upang maalis ang sobrang mantika bago ihain.",Meryenda (Snack / Finger Food),"Matamis, Maalat, Savory",Calories: ~280 kcal | Protein: ~9g | Fat: ~16g | Carbohydrates: ~24g | Sodium: ~480mg,15,20,16,Moderate,Medium Cost,"Corn Dogs, Hotdog, Snack, Meryenda, Deep Fried, Street Food",Meryenda,"Playful, Fun, Party mood, Kids' excitement, Carefree",
,Coleslaw,"Ang Coleslaw ay isang sariwa at malutong na side dish na karaniwang gawa sa hiniwang repolyo at carrots. Isa itong versatile na salad dahil maaari itong ihanda bilang ""creamy version"" gamit ang mayonnaise o ""tangy version"" gamit ang suka. Dahil sa taglay nitong asim at tamis, perpekto itong pansahog sa mga sandwich o kapareha ng mga pritong pagkain gaya ng fried chicken at barbecue para pambalanse sa umay.","repolyo, carrot, berdeng sibuyas, 3 kutsarang mayonnaise (opsyonal), 1/2 kutsarita ng yellow mustard (opsyonal), paminta, ilang kutsara ng puting suka (opsyonal), asukal (opsyonal), asin (opsyonal)","Step 1: Hiwain nang maninipis ang repolyo hanggang sa makabuo ng apat na tasa at ilagay sa isang malaking mangkok.

Step 2: Hiwain nang maninipis ang kalahati ng isang carrot at gayundin ang berdeng sibuyas, saka ihalo sa hiniwang repolyo.

Step 3: Kung nais ng creamy na bersyon, magdagdag ng 3 kutsarang mayonnaise at 1/2 kutsarita ng yellow mustard sa mga gulay.

Step 4: Timplahan ng paminta para sa dagdag na aroma at haluin nang mabuti hanggang sa magsama-sama nang maigi ang lahat ng sangkap.

Step 5: Kung mas gusto ang walang mayonnaise, gumamit ng ilang kutsara ng puting suka at wisikan ng asukal, asin, at paminta bilang pampalasa.

Step 6: Haluing muli nang maigi ang salad at iserve nang malamig (maaaring palamigin muna sa ref) para sa mas malutong na texture.",Side Dish / Salad,"Creamy, Tangy, Fresh, Crisp",Calories: ~150 kcal | Protein: ~1g | Fat: ~10g | Carbohydrates: ~8g | Sodium: ~180mg,15,0,4,Easy,Low Cost,"Coleslaw, Salad, Side Dish, Gulay, Repolyo, Fresh, Healthy","Side Dish, Pang-meryenda","Light and fresh, Health-conscious, Refreshed, Simple pleasure",
,Chicken Macaroni Salad,"Ang Chicken Macaroni Salad ay isang paboritong pagkaing Pilipino na madalas ihanda tuwing Pasko, Bagong Taon, o sa mga espesyal na okasyon gaya ng kaarawan. Ito ay kilala sa creamy nitong texture dahil sa mayonnaise, na sinamahan ng balanse ng tamis mula sa pinya at pasas, at alat mula sa manok at cheddar cheese. Dahil ito ay inihahain nang malamig, ito ay isang refreshing na side dish o meryenda na patok sa panlasa ng mga bata at matanda.","1/4 kilo macaroni elbow noodles, 2 to 3 pcs. medium sized carrots, 1 malaking chicken breast, 500 ml ng mayonnaise, 1 latang (836 g) pineapple chunks or tidbits, 1 malaking puting sibuyas (hiniwa nang pinong-pino), 1/2 tasang sweet pickle relish, 3 nilagang itlog (hiniwa nang maliliit na kuwadrado), 1 tasang cheddar cheese (hiniwa nang pakuwadrado), 1/2 tasang raisins, asin at paminta pampalasa","Step 1: Iluto ang macaroni elbow noodles sa kumukulong tubig ayon sa package cooking instructions hanggang sa maging malambot ngunit firm (al dente), pagkatapos ay salain at itabi.

Step 2: Sa isang kaserola, pakuluan ang mga carrots sa tubig sa loob ng 15 hanggang 20 minuto o hanggang sa lumuto ito. (Tandaan: Maaaring hindi na lutuin ang carrots kung gusto mong mas malutong at masustansiya ang salad).

Step 3: Salain ang nilagang carrots at hayaang lumamig, pagkatapos ay balatan at hiwain ang mga ito nang maliliit na kuwadrado.

Step 4: Pakuluan ang chicken breast sa tubig na may kaunting asin hanggang sa maluto nang husto, pagkatapos ay salain ito at himayin nang pahaba sa sukat na 1 inch.

Step 5: Salain ang pineapple chunks o tidbits mula sa syrup nito upang hindi maging sobrang basa ang salad.

Step 6: Sa isang malaking mangkok, pagsama-samahin ang nilutong macaroni, manok, carrots, pinya, sibuyas, pickle relish, itlog, keso, pasas, at mayonnaise.

Step 7: Timplahan ng asin at paminta ayon sa iyong panlasa at haluing mabuti hanggang sa maging pantay ang halo ng lahat ng sangkap.

Step 8: Ilagay sa loob ng refrigerator ang salad upang palamigin bago ihain para sa pinakamasarap na resulta.",Salad (Side Dish / Appetizer),"Creamy, Matamis, Malinamnam",Calories: ~420 kcal | Protein: ~15g | Fat: ~28g | Carbohydrates: ~32g | Sodium: ~520mg,30,25,8,Easy,High Cost,"Chicken, Macaroni, Salad, Filipino, Holiday Food, Party, Creamy","Meryenda, Side Dish, Pang-handaan","Celebratory, Christmas mood, Nostalgic, Family gathering joy",
,Buko Pandan,"Ang Buko Pandan ay isang sikat at paboritong panghimagas na Pilipino na karaniwang inihahanda sa mga pagtitipon gaya ng piyesta, Pasko, at mga party. Binubuo ito ng pinaghalong ginagadgad na buko, green gelatin na may aroma ng pandan, sago, at creamy na sarsa mula sa gatas at cream. Ito ay kilala dahil sa nakaka-refresh nitong lasa at ang bango ng pandan na sadyang nakakatakam. Inihahain itong malamig o frozen upang mas malasap ang sarap at tamis nito.","1 1/2 tasang buko na hiniwa nang pahaba (o kinayod), 5 ounces condensed milk, 8 ounces all-purpose cream, 3 ounces powdered gelatin, 1 1/4 tasang tubig, 6 patak ng Buko Pandan flavoring, 2 scoops ng vanilla ice cream (optional), 1/2 tasang maliliit na sago na niluto (optional)","Step 1: Sa isang lalagyan, ipagsama-sama ang tubig at powdered gelatin at haluin gamit ang kutsara hanggang sa matunaw ang gelatin.

Step 2: Idagdag ang Buko Pandan flavoring sa mixture at haluin nang maigi para maging pantay ang kulay at bango nito.

Step 3: Mag-init ng saucepan, ibuhos ang inihandang mixture, at hayaan itong kumulo habang patuloy na hinahalo para hindi mamuo nang maaga.

Step 4: Patayin ang apoy at isalin ang mixture sa isang molde; bayaang lumamig at mamuo gaya ng gelatin (maaaring ilagay sa refrigerator para mas mapabilis ang pagtigas).

Step 5: Sa isang hiwalay na mangkok, ipagsama ang condensed milk, all-purpose cream, nilutong sago, at kinayod na buko, saka ihalo nang maigi at ilagay sa loob ng freezer nang ilang oras hanggang sa lumapot ang mixture.

Step 6: Tandaan na dapat mas marami ang dami ng cream kaysa sa condensed milk upang makuha ang tamang balanse ng tamis at linamnam.

Step 7: Hiwain ang namuong gelatin sa maliliit na kuwadrado (1 inch cubes) at isama ito sa inihandang gatas, cream, buko, at sago mixture.

Step 8: Isalin ang Buko Pandan sa mga tasa o martini glass at lagyan ng isang scoop ng vanilla ice cream sa ibabaw bilang toppings bago ihain nang malamig.",Panghimagas (Dessert),"Creamy, Matamis, Mabango (Pandan)",Calories: ~350 kcal | Protein: ~4g | Fat: ~22g | Carbohydrates: ~38g | Sodium: ~85mg,20,15,4,Easy,Medium Cost,"Buko Pandan, Dessert, Filipino, Panghimagas, Creamy, Coconut, Gelatin","Panghimagas, Meryenda","Celebratory, Refreshed, Party mood, Summer happiness",
,Vanilla Cupcakes,"Ang Vanilla Cupcakes ay isang klasikong inihurnong kakanin na malambot, matamis, at mabango na paboritong-paborito ng lahat mula bata hanggang matanda. Ginagawa ito sa pinagsamang all-purpose flour at cake flour para makamit ang pinakamagaan at pinaka-fluffy na texture. Ang unsalted butter at asukal ay binabati hanggang light and fluffy bago idagdag ang mga itlog at vanilla extract na nagbibigay ng mayamang lasa at mabangong aroma. Ang paghihiwalay ng puti at pula ng itlog at ang magkahiwalay na paghahalo nito ay lihim sa napakagaang at malambot na cupcake. Perpekto itong ihain bilang meryenda, dessert, o regalo sa espesyal na okasyon.","1 tasang all-purpose flour, 2 tasang cake flour, 1 kutsarang baking powder, 1/2 kutsaritang asin, 1 tasang unsalted butter, 1 3/4 tasang asukal, 4 itlog ihiniwalay ang puti sa pula, 2 kutsaritang vanilla extract, 1 tasang gatas","Step 1: I-preheat ang oven ng 375 degrees Fahrenheit at lagyan ng paper cups ang muffin pan bago simulan ang paghahanda ng batter.

Step 2: Pagsama-samahin ang harina, baking powder, at asin sa isang mangkok at haluin nang maayos. Itabi para sa bandang huli.

Step 3: Sa isang electric mixer, batihin ang butter at asukal hanggang maging light and fluffy ang texture, mga 3-5 minuto sa mataas na bilis.

Step 4: Isa-isang idagdag ang pula ng itlog sa butter mixture habang patuloy na hinahalo. Pagkatapos ay ibuhos ang vanilla extract at haluin.

Step 5: At low speed, unti-unting idagdag ang mga tuyong sangkap at gatas nang halinhinan. Magsimula at magtapos sa tuyong sangkap para sa pinakamainam na resulta.

Step 6: Sa isang hiwalay na mangkok, batihin ang puti ng itlog hanggang tumigas ngunit hindi pa tuyo. Dahan-dahang idagdag sa batter at ihalo nang maingat para hindi mawala ang hangin sa batter.

Step 7: Ilagay sa muffin pan at i-bake ng 20 hanggang 25 minuto o hanggang tumambok ang sentro ng bawat cupcake at maluto nang husto.",Inihurnong Kakanin / Baked Goods,"Matamis, Mabango, Creamy, Malambot",Calories: ~280 kcal | Protein: ~4g | Fat: ~12g | Carbs: ~38g | Sugar: ~22g,20,25,12,Moderate,Medium Cost,"Cupcake, Vanilla, Baked, Dessert, Meryenda, Espesyal, Pang-okasyon","Meryenda, Dessert","Happy, Celebratory, Gifting mood, Sweet and loving",
,Avocado Salad with Tomatoes,"Ang Avocado Salad with Tomatoes ay isang simpleng, masustansya, at masarap na salad na ginawa sa sariwang avocado at hinog na kamatis. Ang creamy na avocado ay nagkukumpleto sa juicy at bahagyang maasim na kamatis para sa isang perpektong kombinasyon ng lasa at texture. Ang rock salt at lemon o kalamansi juice ay nagbibigay ng simpleng dressing na nagpapahusay ng natural na lasa ng mga prutas. Ang tinadtad na chives o berdeng sibuyas ay nagdadagdag ng sariwang aroma at bahagyang anghang. Ito ay isang mabilis na ihanda at napaka-healthy na salad na puno ng mabuting taba, bitamina, at mineral.","Kalahating avocado binalatan at hiniwa-hiwa, kalahating hinog na malaking kamatis hiniwa-hiwa, tinadtad na sariwang chives o hiniwa-hiwang berdeng sibuyas, katas mula sa isang hiwa ng lemon o isang buong kalamansi, rock salt","Step 1: Iayos ang mga hiniwang avocado at kamatis nang maayos at maganda sa isang plato.

Step 2: Wisikan ng tinadtad na chives o berdeng sibuyas sa ibabaw ng avocado at kamatis.

Step 3: Pigain ang lemon o kalamansi at ibuhos ang katas sa ibabaw ng salad.

Step 4: Budburan ng rock salt ayon sa panlasa at ihain agad para hindi maitim ang avocado.",Salad / Side Dish,"Creamy, Maasim, Sariwa, Magaan",Calories: ~180 kcal | Protein: ~2g | Fat: ~14g | Carbs: ~12g | Sodium: ~180mg,5,0,1,Easy,Low Cost,"Avocado, Salad, Healthy, Sariwa, Mabilis, Vegetarian, Masustansya","Almusal, Tanghalian, Meryenda","Health-conscious, Light and energized, Clean eating mood",
,Banana Chips,Ang Banana Chips ay isa sa mga pinakasikat na meryenda at pasalubong sa Pilipinas na ginagawa mula sa hilaw na saging na saba. In-demand ang banana chips sa iba't ibang bansa dahil mas masarap at mas masustansya ito kaysa sa karaniwang junk food. Ang lihim sa perpektong malutong na banana chips ay ang pagtitiyak na matuyo ang mga saging bago iprito at ang paggamit ng napakainit na mantika. Maaaring gawing matamis o maalat ang banana chips ayon sa gusto. Ito ay isang magandang negosyo o maaari ring gawin para sa pansariling pagkain ng pamilya.,"5 hanggang 6 hilaw na saging na saba, mantika para sa pagpiprito, asin, asukal (optional)","Step 1: Balatan ang mga saging at ilagay sila sa inasinang tubig na may yelo para maiwasan ang pagdidilim ng saging.
Step 2: Hiwain ang mga saging nang manipis at takpan ng isang tela ng 10 minuto para matanggal ang labis na moisture at makamit ang mas malutong na resulta.
Step 3: Initin ang mantika sa kawali o fryer hanggang magkaroon ito ng usok na nagpapahiwatig na sapat na ang init para sa pagpiprito.
Step 4: Iprito ang mga hiniwang saging sa maiinit na mantika hanggang maging ginintuang kayumanggi at malutong ang mga ito.
Step 5: Tanggalin ang saging sa kawali at patitikin sa paper towels para mabawasan ang labis na mantika.
Step 6: Kung gusto ng matamis na banana chips, wisikan lamang ng asukal ang mga saging habang piniprito at mainit pa ang mga ito para dumitkit ang asukal.
Step 7: Bayaang lumamig nang buo ang mga banana chips bago ilagay sa mga lalagyan o container para mapanatili ang kalutungan.
Step 8: Para sa matagal na pagiging malutong, iprito muli sa susunod na araw bago ibenta o kainin.","
Meryenda / Snack","Matamis o Maalat, Malutong, Mabango",Calories: ~150 kcal | Protein: ~1g | Fat: ~6g | Carbs: ~24g | Sugar: ~12g,15,20,6,Easy,Low Cost,"Saging, Banana Chips, Meryenda, Filipino, Malutong, Negosyo, Pasalubong",Meryenda,"Snacky, Nostalgic, Bored, Traveling mood, Pasalubong happiness",
,Baked Potatoes,"Ang Baked Potatoes ay isang simpleng ngunit napaka-versatile na putaheng Kanluranin na Easyng gawin kahit sa microwave oven. Ang patatas ay pinakuluan muna hanggang bahagyang malambot bago lutuin sa oven o microwave para makamit ang perpektong malutong na labas at malambot na loob. Ang kagandahan ng Baked Potatoes ay maaari itong i-customize ayon sa gusto ng bawat tao sa pamamagitan ng iba't ibang toppings tulad ng butter, sour cream, bacon bits, cheese, o guacamole. Ito ay isang magandang alternatibo sa kanin at masarap na kasamahan ng iba't ibang uri ng ulam.","Rock salt, mantika o butter, malalaking patatas, toppings ayon sa gusto tulad ng salsa, butter, sour cream, piniritong bacon bits o ham bits, ranch dressing, blue cheese dressing, guacamole, cheese at chives","Step 1: Linisin ang balat ng patatas nang maigi gamit ang maligamgam na tubig para matanggal ang dumi at pesticide.

Step 2: Pakuluan ang patatas hanggang medyo lumambot ito ngunit hindi pa ganap na maluto, para mapanatili ang hugis nito.

Step 3: Kapag malambot na, patuyuin ang patatas gamit ang paper towel para maalis ang labis na tubig sa ibabaw.

Step 4: Hiwain ang gitnang bahagi ng patatas nang pahaba at pahiran ng kaunting mantika o butter para mag-infuse ang lasa sa loob.

Step 5: Lagyan ng gustong toppings ayon sa kagustuhan. Maaaring isa lamang o kombinasyon ng iba't ibang toppings.

Step 6: I-microwave ang patatas hanggang malusaw nang kaunti ang toppings at maluto nang buo ang loob ng patatas. Ihain nang mainit.",Side Dish / Meryenda,"Maalat, Creamy, Malasa, Mapagpilian ang Lasa",Calories: ~220 kcal | Protein: ~5g | Fat: ~8g | Carbs: ~34g | Sodium: ~280mg,10,20,2,Easy,Low Cost,"Patatas, Baked, Western, Side Dish, Meryenda, Easyng Gawin, Versatile","Almusal, Tanghalian, Meryenda","Lazy day, Simple satisfaction, Cozy, Versatile mood",
,Bangus Shawarma,"Ang Bangus Shawarma ay isang makulay at masarap na Filipino fusion na putahe na pinagsama ang popular na Middle Eastern shawarma at ang paboritong isdang Pilipino na bangus. Ang boneless bangus ay ibinababad sa toyo at suka bago iprito hanggang ginintuang kayumanggi. Inilalagay ito sa loob ng pita bread kasama ang sariwang gulay tulad ng pipino, kamatis, at pulang sibuyas. Ang espesyal na garlic yogurt sauce ang nagbibigay ng creamy at mabangong dressing na nagpapabuti ng kabuuang lasa ng wrap. Ito ay isang masustansya, masarap, at makulay na pagkain na perpekto bilang meryenda o mabilis na tanghalian.","(Garlic Yogurt Sauce) 1 tasang plain yogurt, 1/2 tasang mayonnaise, 2 kutsaritang tinadtad na bawang, 1/2 kutsaritang cumin powder, 1/2 kutsaritang lemon juice, 1/2 kutsaritang cayenne pepper, asin at paminta pampalasa |
(Shawarma) 1/4 tasang mantika, 1 pc. boneless bangus binabad sa toyo at suka, 4 pita pockets, 1 tasang hiniwa-hiwang pipino, 1 tasang hiniwa-hiwang kamatis, 1/2 tasang hiniwa-hiwang pulang sibuyas, 1 kutsarang tinadtad na sariwang coriander","Step 1: Ipagsama-sama ang lahat ng sangkap para sa garlic yogurt sauce sa isang mangkok at haluin nang maayos. Isalin sa squeeze bottle at palamigin sa ref ng mga 30 minuto para mahalo ang lahat ng flavors.

Step 2: Initin ang mantika sa isang malaking kawali at iprito ang boneless bangus hanggang maging golden brown sa magkabilang gilid.

Step 3: Tanggalin ang karne ng bangus mula sa balat at himayin ito nang maayos. Itabi.

Step 4: Initin ang pita at hiwain ang pita para buksan ito. Ilagay ang pipino, kamatis, pulang sibuyas, at coriander sa loob ng pita nang maayos.

Step 5: Ikalat ang himay na bangus sa ibabaw ng mga gulay at pigaan ng garlic yogurt sauce ayon sa gustong dami. Ibalot at ihain agad.",Meryenda / Street Food / Fusion,"Maalat, Creamy, Maasim, Mabango","
Calories: ~320 kcal | Protein: ~22g | Fat: ~14g | Carbs: ~28g | Sodium: ~480mg",40,15,4,Moderate,Medium Cost,"Bangus, Shawarma, Fusion, Filipino, Isda, Meryenda, Street Food","Tanghalian, Meryenda","Adventurous, Trendy, Excited, Fusion food curiosity",
,Broccoli Stir Fry with Ginger and Sesame,"Ang Broccoli Stir Fry with Ginger and Sesame ay isang masustansya at masarap na gulay na putahe na may impluwensiya ng Asyano. Ang broccoli ay niluto nang mabilis sa mainit na kawali kasama ang bawang, sariwang luya, at sesame oil na nagbibigay ng malalim at mabangong oriental na lasa. Ang toasted sesame seeds sa ibabaw ay nagdadagdag ng nutty na lasa at karagdagang texture. Ang chicken o vegetable stock ay ginagamit para mapanatili ang halumigmig ng broccoli habang niluluto. Ito ay isang mabilis na lutuin, puno ng sustansya, at perpekto bilang side dish o vegetarian na ulam kasama ng kanin.","1 kutsarang sesame seeds, 1/2 tasang chicken stock o vegetable stock, 1 tasang toyo, 1 tasang sesame oil, olive oil, 1 lb broccoli binanlawan pinatuyo at hiniwa ayon sa kayang lunukin ng tao, 2 cloves garlic tinadtad (mga 1 kutsara), 1 kutsarang tinadtad na sariwang luya","Step 1: Itusta ang sesame seeds sa katamtamang init ng apoy habang hinahalo ng 3 hanggang 5 minuto. Huwag lakasan ang apoy o iwan ang nilulutong sesame seeds dahil Easy itong masunog.

Step 2: Kapag natusta na ang sesame seeds, tanggalin ito sa apoy at ilagay sa maliit na mangkok. Itabi para gamitin sa bandang huli.

Step 3: Ihalo ang stock, toyo, at sesame oil sa isang mangkok para gawing sauce. Itabi.

Step 4: Initin sa katamtamang init ng apoy ang olive oil sa kawali. Idagdag ang broccoli at igisa gamit ang bawang at luya ng 1 minuto hanggang mabango.

Step 5: Idagdag ang chicken o vegetable stock sa kawali at pabayaang kumulo sa mahinang apoy ng 2-3 minuto hanggang medyo lumambot ang broccoli ngunit nananatiling berde at crunchy.

Step 6: Patayin ang apoy at salain ang broccoli. Ilagay sa serving plate at pangibabawan ng toasted sesame seeds bago ihain.",Gulay / Side Dish / Vegetarian,"Maalat, Mabango, Nutty, Oriental",Calories: ~120 kcal | Protein: ~5g | Fat: ~8g | Carbs: ~9g | Sodium: ~360mg,10,15,4,Easy,Low Cost,"Broccoli, Gulay, Healthy, Stir Fry, Vegetarian, Oriental, Masustansya","Tanghalian, Hapunan","Health-conscious, Energized, Clean eating, Disciplined",
,Binatog,Ang Binatog ay isa sa mga pinakasikat at pinaka-nostalgic na meryenda sa Pilipinas na ginagawa mula sa puting mais na binabad sa inasnan na tubig magdamagan. Ang mais ay pinakuluan hanggang malambot at ang natural na tamis nito ay lumalabas habang niluluto. Ang pinaka-espesyal na parte ng binatog ay ang simpleng topping ng ginadgad na niyog at asukal o asin na nagpapasarap at nagpapalambot pa ng lasa. Ito ay isang napakasimple ngunit masustansya at nakakabigang meryenda na madalas ibinebenta ng mga maglalako sa mga kalsada at palengke sa buong Pilipinas.,"
Puting mais na binabad sa asin na may tubig magdamagan, asukal, niyog ginadgad","Step 1: Initin ang kaserola at ibuhos ang puting mais kasama ang pinagbabarang tubig na ginamit sa pagbababad.

Step 2: Pakuluan sa mahinang apoy hanggang maluto at malambot ang mais, mga 45 minuto hanggang 1 oras.

Step 3: Salain ang tubig at isalin ang binatog sa maliit na timba o mangkok.

Step 4: Pangibabawan ng asukal o asin ayon sa gusto at budburan ng ginadgad na niyog bago ihain nang mainit.",Meryenda / Street Food,"Matamis o Maalat, Malambot, Natural na Tamis ng Mais",Calories: ~180 kcal | Protein: ~4g | Fat: ~5g | Carbs: ~30g | Sugar: ~8g,480,60,4,Easy,Low Cost,"Mais, Binatog, Meryenda, Filipino, Street Food, Tradisyonal, Nostalgic",Meryenda,"Nostalgic, Street food happiness, Childhood memory, Simple joy",
,Muffins,"Ang Muffins ay isang masustansya at mas healthy na alternatibo sa cupcakes dahil gumagamit ito ng whole-wheat flour at honey bilang pampatamis. Ang pinagsamang whole-wheat flour at all-purpose flour ay nagbibigay ng mas mabusog at mas nutty na lasa kumpara sa regular na muffins. Ang honey ay nagdadagdag ng natural na tamis at nagpapanatili ng halumigmig ng muffin para mas matagal na malambot. Maaaring magdagdag ng iba't ibang palaman tulad ng raisins, dried cranberries, nuts, o dried fruits para sa mas kumplikado at masarap na lasa. Ito ay perpekto bilang mabilis na almusal o healthy na meryenda.","
1 kutsaritang asin, 1 tasang gatas, 1 binating itlog, 1/2 tasang harina, 1/3 tasang mantika, 1/3 tasang honey, 2 1/2 kutsaritang baking powder, 1 tasang whole-wheat flour, 1 tasang all-purpose flour","Step 1: Initin ang oven ng 400 degrees Fahrenheit bago simulan ang paghahanda ng batter.

Step 2: Ipaghalo ang mga harina, baking powder, at asin sa isang malaking mangkok hanggang pantay na nahalo.

Step 3: Sa isa pang mangkok, batihin ang itlog, gatas, mantika, at honey hanggang maging magkasamang mixture.

Step 4: Idagdag ang basang mixture sa tuyong mixture at haluin nang maigi ngunit huwag sobrang halo. Ilagay ang palaman tulad ng raisins o nuts sa mixture kung mayroon.

Step 5: Punuin ng 2/3 ng mixture ang bawat nalangisang muffin tin para may sapat na espasyo para lumaking pataas ang muffins.

Step 6: I-bake ang muffins ng 20 hanggang 25 minuto o hanggang ginintuang kayumanggi ang tuktok at maluto nang buo ang loob.",Inihurnong Kakanin / Baked Goods,"Matamis, Mabango, Malambot, Masustansya",Calories: ~220 kcal | Protein: ~5g | Fat: ~9g | Carbs: ~30g | Sugar: ~12g,15,25,12,Easy,Medium Cost,"Muffin, Baked, Healthy, Almusal, Meryenda, Whole Wheat, Honey","Almusal, Meryenda","Morning motivation, Health-conscious, Cozy breakfast, Productive mood",
,Uraro Biscuits,"Ang Uraro Biscuits ay isang tradisyonal na Pilipinong biskwit na gawa sa arrowroot flour o uraro flour na nagbibigay ng natatanging magaan at napaka-crispy na texture na hindi mo mahahanap sa ibang uri ng biskwit. Ang arrowroot flour ay isang natural na starch na nagmumula sa ugat ng halaman at nagbibigay ng mas dalisay at mas masustansyang biskwit. Ang pagsasama ng rice flour, butter, at itlog ay nagdadagdag ng pagkakaisa ng lasa at texture. Ito ay isang popular na pasalubong at meryenda mula sa mga probinsya ng Pilipinas at madalas ibinebenta sa mga tiangge at palengke.","8 ounces butter, 8 ounces rice flour, 8 ounces asukal, 6 ounces arrowroot flour, 6 itlog","Step 1: Ibati ang butter sa isang mangkok hanggang lumambot at maging creamy ang texture nito.

Step 2: Ibati ang itlog sa isang hiwalay na mangkok hanggang maging frothy at magaan.

Step 3: Idagdag ang binating itlog sa butter at dahan-dahang ihalo ang mga harina. Haluin ang mixture nang maigi para mapagsamahin ang lahat ng sangkap.

Step 4: Siguraduhing walang lumps mula sa arrowroot. Kung mayroong natitirang lumps, durugin ito at haluing maigi. Idagdag ito kasama ang asukal at iba pang mga sangkap at ihalo nang mabuti.

Step 5: Ihalo ang lahat ng sangkap nang maigi saka kutsarahin ang mga biscuits ayon sa gustong laki. Ilatag ang mga ito sa isang nilangisang baking tin na medyo malayo ang distansiya sa isa't isa para magkaroon ng espasyo habang nagluluto.

Step 6: I-bake ang biscuits ng 15 minuto sa oven hanggang ginintuang kayumanggi. Mga 3 hanggang 4 na dosenang biscuit ang magagawa ng recipeng ito.","
Inihurnong Kakanin / Baked Goods","Matamis, Malutong, Magaan, Buttery",Calories: ~120 kcal | Protein: ~2g | Fat: ~6g | Carbs: ~15g | Sugar: ~8g,20,15,36,Moderate,Medium Cost,"Uraro, Biskwit, Arrowroot, Filipino, Baked, Pasalubong, Tradisyonal",Meryenda,"Nostalgic, Pasalubong happiness, Proud (provincial roots), Cozy",
,Asparagus Salad with Shrimp,"Ang Asparagus Salad with Shrimp ay isang malusog, magaan, at eleganteng salad na perpekto para sa mga naghahanap ng masustansya at mababang calorie na pagkain. Ang asparagus ay pinakuluan nang mabilis para mapanatili ang berde at crunchy na texture nito habang ang hipon ay niluto nang maayos para mapanatili ang tamis at juiciness nito. Ang extra-virgin olive oil, lemon juice, bawang, at sariwang parsley ay bumubuo ng isang simpleng ngunit masarap na dressing na nagpapahusay ng natural na lasa ng asparagus at hipon. Ito ay isang mabilis na ihanda at napaka-presentable na salad na maaaring ihain bilang appetizer o side dish.","1 lb asparagus tinanggal ang matigas na bahagi, 1/2 lb hipon pinakuluan at tinanggalan ng balat, 1/4 tasang extra-virgin olive oil, 1 garlic clove tinadtad, 1 kutsarang lemon juice o calamansi juice, 1 kutsarang tinadtad na sariwang parsley, asin at paminta pampalasa","Step 1: Pakuluan ang tubig na inasinan sa isang kaserola. Idagdag ang asparagus sa kumukulong tubig at hayaang kumulo ng 3 minuto para mapanatili ang crunchy na texture at berdeng kulay nito.

Step 2: Salain ang asparagus at bayaang lumamig sa isang mangkok na may malamig na tubig para mapigilan ang patuloy na pagluluto nito.

Step 3: Muling painitan ang pinakuluang hipon ng 2 hanggang 3 minuto hanggang maluto nang husto. Tanggalin ang hipon sa kaserola at ilagay sa mas malaking mangkok.

Step 4: Hiwain nang pa-diagonal ang mga asparagus para mas maganda ang presentasyon. Tanggalin ang anumang natitirang matigas na dulo.

Step 5: Ilagay ang asparagus sa mangkok kasama ang hipon. Idagdag ang olive oil, bawang, lemon juice, at parsley at ihalo para magsama ang lahat ng sangkap. Dagdagan ng asin at paminta pampalasa. Magdagdag ng lemon o calamansi juice kung gusto ng mas maasim. Ihain agad.",Salad / Side Dish,"Maasim, Sariwa, Maalat, Magaan",Calories: ~180 kcal | Protein: ~16g | Fat: ~10g | Carbs: ~8g | Sodium: ~320mg,15,10,4,Easy,Medium Cost,"Asparagus, Hipon, Salad, Healthy, Sariwa, Masustansya, Vegetable","Tanghalian, Hapunan, Appetizer","Fancy, Light, Health-conscious, Refreshed, Elegant mood",
,Basic Grilled Pizza Dough,Ang Basic Grilled Pizza Dough ay ang pundasyon ng anumang masarap na pizza. Ang tamang paghahanda ng dough ay susi sa perpektong pizza — dapat ito ay malambot sa loob ngunit bahagyang malutong sa labas. Ang active dry yeast ang responsable sa pagpapalaki at pagpapalambot ng dough habang ito ay umaaalsa. Ang extra-virgin olive oil ay nagbibigay ng natatanging lasa at nagpapanatili ng halumigmig ng tinapay. Ang maingat na pagmamasa at pagpapahinga ng dough ay nagbibigay ng pinakamainam na texture. Maaari itong gamitin sa oven o microwave oven kung wala pang tradisyunal na oven.,"1 kutsaritang asukal, 1 packet (1/4 ounce) active dry yeast, 2 kutsaritang extra-virgin olive oil at dagdag pa para sa mangkok at pamahid, rock salt at dinurog na paminta, 2 1/4 tasang all-purpose flour at dagdag pa para sa ibabaw ng mesa","Step 1: Magbuhos ng 1 tasang mainit na tubig sa isang mangkok at magdagdag ng asukal at yeast. Itabi hanggang bumula ng mga 5 minuto. Eto ang yeast mixture mo.

Step 2: Maghalo ng mantika at 1 kutsarang asin sa yeast mixture. Magdagdag ng harina at ihalo nang maigi gamit ang wooden spoon hanggang maging tuyo ang dough.

Step 3: Magwisik ng kaunting harina sa malinis na mesa. Imasa ang dough para i-shape na parang bola. Ilagay sa mixing bowl at bayaang umalsa ng 2 minuto.

Step 4: Isalin sa isang nilangisang mangkok at pahiran ng kaunting oil ang dough. Takpan ang dough ng plastic wrap at itabi hanggang umalsa ang dough.

Step 5: Suntukin ang dough at takpan. Bayaan muling umalsa ang dough ng 30 minuto.

Step 6: Ilagay muli ang dough sa isang malinis na mesang winisikan ng harina. Hatiin sa 4 na bahagi at itabi ng 15 minuto bago gamitin bilang dough para sa pizza.",Inihurnong Kakanin / Baked Goods,"Maalat, Mabango, Malambot-Malutong",Calories: ~180 kcal | Protein: ~5g | Fat: ~4g | Carbs: ~32g | Sodium: ~280mg,60,15,4,Moderate,Low Cost,"Pizza, Dough, Baked, Tinapay, Homemade, Fusion, Negosyo","Tanghalian, Meryenda, Hapunan","Creative, Excited, Fun cooking mood, Family activity",
,Basic Butter Cake,"Ang Basic Butter Cake ay isang klasikong inihurnong cake na paboritong-paborito ng lahat dahil sa simpleng paraan ng paghahanda ngunit napaka-masarap na resulta. Ang mayamang lasa ng butter ang pangunahing bituin ng cake na ito na nagbibigay ng creamy at mabangong aroma sa bawat kagat. Ang tamang kombinasyon ng butter, asukal, itlog, at harina ang nagbibigay ng malambot at basa-basa na texture ng cake. Ang gatas evaporada ay nagdadagdag ng karagdagang creamy na lasa habang ang vanilla ay nagpapabango. Ito ay isang perpektong base cake na maaaring gamitan ng iba't ibang frosting at topping para sa espesyal na okasyon.","1 bar butter, 3/4 tasang asukal, 3 malalaking itlog, 2 kutsaritang baking soda, 1 kutsaritang baking powder, 1 kutsaritang asin, 1/2 kutsaritang vanilla, 1/4 tasang gatas evaporada, 1-1/2 tasang tubig, 4 tasang all-purpose flour","Step 1: Ipaghalo ang unang pitong sangkap — butter, asukal, itlog, baking soda, baking powder, asin, at vanilla — sa isang malaking mixing bowl hanggang mapagsamahin ang lahat.

Step 2: Idagdag ang natitirang sangkap — gatas evaporada, tubig, at harina — at paghaluin nang maigi hanggang maging maayos at walang bukol ang batter.

Step 3: Ibuhos ang batter sa nilangisang baking pan nang pantay-pantay.

Step 4: I-bake sa 350°F na oven ng 20 hanggang 25 minuto o hanggang maluto nang buo ang cake at ginintuang kayumanggi ang tuktok.","
Inihurnong Kakanin / Baked Goods","Matamis, Buttery, Mabango, Malambot",Calories: ~320 kcal | Protein: ~5g | Fat: ~14g | Carbs: ~44g | Sugar: ~20g,15,25,10,Easy,Medium Cost,"Cake, Butter, Baked, Dessert, Espesyal, Negosyo, Pang-okasyon","Meryenda, Dessert","Celebratory, Sweet and loving, Birthday mood, Proud baker",
,Brownies,"Ang Brownies ay isa sa mga pinakasikat na inihurnong tsokolate na kakanin sa buong mundo na kilala sa makapal, basa-basa, at napaka-chocolatey na texture nito. Ang cocoa powder at butter ay pinagsama para makamit ang pinaka-mayamang tsokolate na lasa na nagpapasaya sa bawat kagat. Ang tamang pagbe-bake ng brownies ay napakahalaga — hindi dapat i-overcook para mapanatili ang fudgy at malambot na texture sa loob. Ang cashew nuts o mani ay nagdadagdag ng crunch at nutty na lasa na nagpapaganda ng kabuuang karanasan. Ito ay isang mahusay na produkto para ibenta o regalo sa mga espesyal na okasyon.","4 kutsarang cocoa powder, 6 kutsarang butter, 2 kutsaritang vanilla, 2 binating itlog, 1/4 tasang asukal, 2 kutsarang gatas, 1 tasang all purpose flour, 1/2 kutsaritang baking powder, cashew nuts o mani (optional)","Step 1: Itunaw ang tsokolate at butter sa kaserola habang patuloy na hinahalo sa mahinang apoy. Tanggalin mula sa apoy at idagdag ang itlog, asukal, gatas, at vanilla saka haluing maigi hanggang mapagsamahin ang lahat.

Step 2: Ihalo ang harina at baking powder sa tuyong mangkok saka ibuhos sa chocolate mixture. Ihalo nang maigi ang mixture hanggang maging maayos ang batter.

Step 3: Ibuhos sa baking dish na pinaligiran ng wax paper o sa isang 9x9x2 inch baking pan na nilangisan. I-bake sa 350°F ng 15 minuto.

Step 4: Ikalat ang cashew nuts o mani sa ibabaw at muling i-bake ng 25-30 minuto. Huwag i-overcook — kailangang mamasa-masa nang kaunti ang brownies para mapanatili ang fudgy na texture.

Step 5: Palamigin nang buo at hiwain into bars para sa mas malinis na pagputol. Makakagawa ang recipe na ito ng 10 brownie bars.",Inihurnong Kakanin / Baked Goods,"Matamis, Chocolatey, Basa-basa, Mabango",Calories: ~280 kcal | Protein: ~4g | Fat: ~14g | Carbs: ~36g | Sugar: ~22g,15,45,10,Easy,Medium Cost,"Brownies, Tsokolate, Baked, Dessert, Meryenda, Negosyo, Espesyal","Meryenda, Dessert","Comforted, Sweet craving, Indulgent, Treat yourself, Chocolatey happiness",
,Cassava Cake,"Ang Cassava Cake ay isa sa mga pinakasikat at pinaka-inaabangan na kakanin sa Pilipinas na gawa sa kinayod na kamoteng kahoy na pinagsama sa gata ng niyog, condensed milk, at keso. Ang kamoteng kahoy ay nagbibigay ng natatanging chewy at makapal na texture na hindi mo mahahanap sa ibang cake. Ang dalawang layer ng pagluluto ay nagbibigay ng perpektong resulta — ang batter ay niluto muna sa oven bago ibuhos ang pangalawang batter na topping na nagbibigay ng ginintuang at malagkit na ibabaw. Ang keso sa ibabaw ay nagdadagdag ng maalat na kontra-lasa sa tamis ng cake. Ito ay isa sa mga pinakasikat na produkto para ibenta sa mga kakilala, opisina, at online.","(Batter) 2 packs kinayod na kamoteng kahoy (mga 2 lbs total weight), 1 latang gata ng niyog, 1/2 latang gatas evaporada, 2 pcs. hilaw na itlog, 1/4 tasang butter nilusaw, 6 kutsarang keso ginadgad, 1/2 tasang condensed milk, 4 kutsarang asukal |
(Topping) 1 latang gata ng niyog, 2 kutsarang asukal, 1/2 tasang condensed milk, 2 kutsarang harina, 2 kutsarang keso ginadgad, 1 pc. hilaw na itlog","Step 1: Ipagsama-sama ang ginadgad na kamoteng kahoy, butter, condensed milk, gatas evaporada, keso, asukal, at itlog sa isang mixing bowl at haluing maigi hanggang mapagsamahin ang lahat.

Step 2: Idagdag ang gata ng niyog sa mixing bowl at muling haluin nang maigi. Eto na ang magiging unang batter.

Step 3: Langisan ang baking tray saka ibuhos ang batter nang pantay-pantay.

Step 4: Initin ang oven ng 350 degrees Fahrenheit ng 10 minuto saka ilagay ang baking tray na may batter at i-bake ng 1 oras. Tanggalin mula sa oven at itabi.

Step 5: Habang nagbe-bake, ihanda ang pangalawang batter — topping — sa pamamagitan ng pagsasama-sama ng asukal at harina at ilagay sa mainit na kaserola.

Step 6: Ibuhos ang condensed milk saka haluin nang maigi.

Step 7: Idagdag ang keso habang patuloy na hinahalo.

Step 8: Ibuhos ang gata ng niyog at patuloy na haluin ng 10 minuto hanggang lumapot ang topping mixture.

Step 9: Ibuhos sa ibabaw ng Cassava Cake (baked batter) ang pangalawang batter at ikalat nang pantay.

Step 10: Ihiwalay ang pula ng itlog sa puti. Pahiran ng puti ng itlog ang ibabaw gamit ang basting brush.

Step 11: Ilagay ang Cassava Cake sa oven hanggang maging light brown ang ibabaw.

Step 12: Lagyan ng ginadgad na keso sa ibabaw at ihain habang mainit.",Inihurnong Kakanin / Filipino Kakanin,"Matamis, Creamy, Chewy, Maalat-tamis",Calories: ~380 kcal | Protein: ~6g | Fat: ~18g | Carbs: ~50g | Sugar: ~28g,20,75,8,Moderate,Medium Cost,"Cassava Cake, Kamoteng Kahoy, Filipino, Kakanin, Negosyo, Espesyal, Baked","Meryenda, Dessert","Nostalgic, Fiesta mood, Proud (Filipino kakanin love), Celebratory",
,Buko Pie,"Ang Buko Pie ay isa sa mga pinakasikat na pasalubong at kakanin sa Pilipinas lalo na sa Los Baños, Laguna. Ito ay binubuo ng dalawang layer ng flaky na crust na may creamy at matamis na buko filling sa loob. Ang sariwang buko ay ang pangunahing bituin ng pie na nagbibigay ng natural na tamis at natatanging lasa ng niyog. Ang cornstarch na nilusaw sa sabaw ng buko ay nagpapakapal ng filling para sa perpektong creamy na texture. Ang flaky na crust ay ginagawa gamit ang butter at malamig na tubig na nagbibigay ng malutong at nakakaaliw na kagat. Ito ay isang mahusay na negosyo na may mataas na demand sa buong bansa.","(Crust) 2 tasang all-purpose flour, 1 bar ng butter, 1 kutsaritang asin, 6 hanggang 8 kutsarang malamig na tubig |
(Palaman) 2 tasang buko, 3/4 tasang puting asukal, 1/2 tasang cornstarch na nilusaw sa 1/2 tasang sabaw ng buko, 1/2 tasang gatas evaporada","(Gawin ang Crust)

Step 1: Ipagsama ang harina at asin saka haluin gamit ang balloon whisk hanggang mapagsamahin.

Step 2: Idagdag ang butter saka ihalo gamit ang pastry mixer hanggang maging crumbly ang mixture.

Step 3: Unti-unting idagdag ang 1 kutsara ng malamig na tubig habang hinahalo ang mga sangkap. Kapag halong-halo na ang mga sangkap, ihati ang halo-mixture sa 2 equal parts.

Step 4: Patagin ang bawat dough sa mesa at irolyo gamit ang rolling pin hanggang magkasya ito sa eight o nine inch cake pan. Magwisik ng harina sa mesa para hindi magdikit ang dough.

Step 5: Ilagay ang unang dough sa cake pan bilang base.

Step 6: Itabi ang pangalawang dough at kakailanganin ito pagkataraang ayusin ang palaman sa cake pan.

(Gawin ang Palaman)

Step 7: Initin ang kaserola at ibuhos ang gatas. Bayaang kumulo.

Step 8: Idagdag ang puting asukal saka haluin nang mabuti.

Step 9: Ilagay ang buko at iluto ng 3 minuto sa katamtamang apoy.

Step 10: Ibuhos ang cornstarch na nilusaw sa sabaw ng buko at haluing maigi habang niluluto. Iluto hanggang lumapot ang palaman.

Step 11: Patayin ang apoy at bayaang lumamig ang mixture nang buo bago ilagay sa pie crust.

Step 12: Initin ang oven ng 375 degrees Fahrenheit.

Step 13: Iayos ang nalutong palaman sa cake pan na may crust.

Step 14: Ilagay ang pangalawang crust sa ibabaw ng palaman at selyaduhan gamit ang tinidor sa gilid.

Step 15: Tusuk-tusukin ng tinidor ang pangalawang crust para maging maayos ang porma ng pie pagkaluto.

Step 16: I-bake ng 45 hanggang 55 minuto o hanggang maging kulay golden brown. Pabayaang lumamig at ihain.",Inihurnong Kakanin / Filipino Pie,"Matamis, Creamy, Malutong, Natural na Tamis ng Buko",Calories: ~340 kcal | Protein: ~4g | Fat: ~16g | Carbs: ~46g | Sugar: ~24g,30,60,8,Difficult,Medium Cost,"Buko Pie, Niyog, Filipino, Baked, Pasalubong, Negosyo, Espesyal","Meryenda, Dessert","Nostalgic, Pasalubong happiness, Proud (Los Baños pride), Comforted",
,Cheese Cake,Ang Cheese Cake ay isang marangyang at creamy na dessert na nagmumula sa Kanluran ngunit naging paborito na rin ng mga Pilipino. Binubuo ito ng graham cracker crust sa ilalim at ng makapal at creamy na cream cheese filling sa ibabaw. Ang lemon zest at lemon juice ay nagdadagdag ng bahagyang asim na nagbabalanse sa tamis at nagpapagaan ng mabigat na cream cheese. Ang water bath baking method ay ginagamit para maiwasan ang pagsabak ng cake at para makamit ang perpektong maayos at creamy na texture. Ang maingat na pagpapalamig at overnight na pag-iimbak ay nagpapalakas pa ng lasa at nagpapatatag ng texture ng cake.,"(Para sa Crust) 5 kutsarang nilusaw na butter, 5 kutsarang nilusaw na butter para sa paglangis ng pan, 12 graham crackers (3-by-5 inch), 1/4 tasang asukal, 1/4 kutsaritang rock salt |
(Para sa Palaman) 2 1/2 pounds bar cream cheese sa room temperature, 1/2 tasang asukal, 1 kutsaritang pinong-pinong ginadgad na lemon zest, 1 kutsarang fresh lemon juice, 1/2 kutsaritang rock salt, 4 malalaking itlog, 1 tasang sour cream","Step 1: Initin ang oven ng 375 degrees Fahrenheit. Langisan ang 9-by-3-inch springform pan nang maigi.

Step 2: Sa isang food processor, durugin ang mga graham crackers hanggang maging pino. Idagdag ang nilusaw na butter, asukal, at asin at i-pulse para mahalo nang maayos.

Step 3: I-press ang crumb mixture ng graham sa ilalim ng pan nang may halos 1 inch ang lapad. I-bake hanggang mag-set, mga 12 hanggang 15 minuto. Pabayaang lumamig sa wire rack. Hinaan ang apoy sa oven ng 325 degrees.

Step 4: Magpakulo ng tubig sa takure para sa water bath. Gamit ang electric mixer, batihin ang cream cheese sa medium speed hanggang lumambot, kinakayod ang gilid ng mangkok.

Step 5: Unti-unting idagdag ang asukal habang binabati hanggang lumambot. Ibati ang lemon zest at juice at asin. Ibati ang itlog isa-isa habang kinakayod ang gilid sa bawat pagdadagdag. Batihin ang sour cream hanggang mapagsamahin.

Step 6: Ibalot ng foil ang kalahati ng pan at ibuhos ang palaman. Ibuhos ang kumukulong tubig sa ilalim na bahagi ng roasting pan para sa water bath.

Step 7: I-bake hanggang mag-set, mga 1 3/4 oras. Tanggalin ang pan mula sa tubig at pabayaang lumamig ng 20 minuto.

Step 8: Pasadahan ng paring knife ang gilid ng cake at pabayaang lumamig nang husto.

Step 9: Takpan at ilagay sa ref magdamag bago ihain o ilagay sa box para sa mga order.",Inihurnong Kakanin / Dessert,"Matamis, Creamy, Maasim-tamis, Mabango",Calories: ~450 kcal | Protein: ~8g | Fat: ~28g | Carbs: ~42g | Sugar: ~28g,30,105,10,Difficult,High Cost,"Cheesecake, Cream Cheese, Baked, Dessert, Espesyal, Negosyo, Pang-okasyon","Meryenda, Dessert","Indulgent, Fancy mood, Celebratory, Romantic dinner",
,Legend Villas Filipino Fruitcake,"Ang Legend Villas Filipino Fruitcake ay isang marangyang at espesyal na cake na puno ng iba't ibang dried fruits, glazed fruits, at nuts na ibinabad sa rum ng isang linggo para sa pinakamayamang lasa. Ang matagal na pagbe-bake sa mababang temperatura ay nagbibigay ng pantay-pantay na pagluluto at nagpapanatili ng halumigmig ng cake. Ang pag-pahid ng rum pagkatapos ng pagbe-bake at pagpapatupad ng isang linggong pag-age ay nagpapalakas at nagpapalalim ng lasa ng fruitcake. Ito ay isang napaka-espesyal na cake na madalas ginagawa para sa Pasko at iba pang mahahalagang pagdiriwang.","300 gms iba't ibang dried local fruits, 100 gms glazed fruit mix (fruit cocktail mix na pinakuluan), 100 gms raisins, 80 gms glazed kaong (kaong na pinakuluan sa sabaw nito), 50 gms orange peel (hinimay na orange kinuha lamang ang laman), 1 tasang rum para sa pagbabad ng mga prutas, 50 gms cashew nuts o pili nuts, 1/2 tasang pinigang dayap, 180 gms all-purpose flour, 2 kutsaritang cinnamon, 150 gms butter, 120 gms pulang asukal, 3 pcs. buong itlog, 1 jigger rum para sa pampahid","Step 1: Pagsama-samahin ang mga glazed fruits, dried fruits, raisins, kaong, at orange peel sa isang malaking mangkok. Ibabad ang mga prutas sa rum ng isang linggo para masipsip ng mabuti ang lasa ng rum.

Step 2: Ibati ang butter at asukal sa isang mixing bowl hanggang maging light and fluffy ang texture.

Step 3: Unti-unting idagdag ang itlog sa medium speed beat habang patuloy na hinahalo. Salain ang harina at cinnamon na magkasama at idagdag ang harina unti-unti sa low speed.

Step 4: Pagkatapos ng isang linggo, salain ang mga prutas at lagyan ng kaunting harina. Idagdag ito sa flour mixture at ipaghalo ang mixture gamit ang malinis na kamay para mahalo nang husto ang lahat.

Step 5: Isalin ang mixture sa dalawang nilangisang bake pans. I-bake sa 300°F na oven ng 2 oras. Pahiran ang cake ng jigger rum pagkatapos ng pagbe-bake. Balutin ng foil at bayaang mag-age ng isang linggo bago kainin para lumalalim ang lasa.",Inihurnong Kakanin / Espesyal na Cake,"
Matamis, Mabango, Malalim ang Lasa, Rum-infused",Calories: ~420 kcal | Protein: ~5g | Fat: ~18g | Carbs: ~58g | Sugar: ~35g,10080,120,16,Difficult,High Cost,"Fruitcake, Pasko, Espesyal, Filipino, Baked, Negosyo, Rum","Meryenda, Dessert","Christmas joy, Nostalgic, Festive, Gifting mood, Proud",
,Chocolate Chip Cookies,"Ang Chocolate Chip Cookies ay isa sa mga pinakasikat at pinaka-paboritong cookies sa buong mundo na kilala sa ginintuang kayumanggi, malutong sa labas, at malambot sa loob na texture nito. Ang butter at asukal ay pinagsamang maigi bago idagdag ang itlog at vanilla para sa pinakamayamang lasa. Ang chocolate chips ay ang bituin ng cookies na nagbibigay ng matamis at chocolatey na sorpresa sa bawat kagat. Ang tamang temperatura ng oven at oras ng pagbe-bake ay kritikal para makamit ang perpektong golden brown na cookies na hindi sobrang tugas o sobrang malambot. Ito ay isang napaka-popular na produkto para ibenta at regalo sa mga espesyal na okasyon.","2 tasang harina, 1 kutsaritang asin, 1 kutsaritang baking soda, 1/2 tasang butter malambot subalit hindi tunaw, 3 kutsarang puting asukal, 2 malalaking itlog, 1 kutsaritang vanilla extract, 1 tasang chocolate chips","Step 1: Initin ang oven ng 375°F bago simulan ang paghahanda ng cookie dough.

Step 2: Sa isang mangkok, pagsama-samahin ang harina, asin, at baking soda. Para mabawasan ang pamumuo, salain ang mga sangkap na nabanggit. Haluin silang maigi at itabi.

Step 3: Sa isa pang mangkok, paghaluin ang butter at asukal saka isama ang nabating itlog at vanilla. Haluin nang maigi hanggang mapagsamahin ang lahat.

Step 4: Unti-unting idagdag ang mga tuyong sangkap sa mas malaking mangkok at idagdag ang chocolate chips. Haluin nang maigi hanggang makagawa ng dough.

Step 5: Kutsarahin ang cookie dough sa linangisang baking sheet at maglagay ng 1 inch na espasyo sa pagitan ng mga cookies para hindi magdikit-dikit habang nagluluto.

Step 6: I-bake ng mga 9 hanggang 11 minuto. Tanggalin ang pan mula sa oven at bayaang lumamig ang cookies sa pan ng 3-4 minuto.

Step 7: Gamit ang spatula, isa-isang iangat ang mga cookies saka ilagay sa isang wax paper. Pabayaang lumamig ng 5 pang minuto.

Step 8: Maaari na itong kainin habang mainit o ilagay sa container para ialok at ibenta. Makakagawa ang recipe na ito ng 1 dosenang maliliit na cookies.","
Inihurnong Kakanin / Cookies","Matamis, Chocolatey, Malutong-Malambot, Mabango",Calories: ~220 kcal | Protein: ~3g | Fat: ~10g | Carbs: ~30g | Sugar: ~18g,15,11,12,Easy,Medium Cost,"Cookies, Tsokolate, Baked, Meryenda, Negosyo, Dessert, Espesyal","Meryenda, Dessert","Happy, Sweet craving, Gifting mood, Nostalgic, Comforted",
,Macaroons,"Ang Macaroons ay isang sikat at masarap na Filipino-style na kakanin na gawa sa kinayod na niyog at condensed milk na nagbibigay ng napaka-matamis at chewy na texture. Hindi ito katulad ng French macarons — ang Filipino macaroons ay mas masustansya, mas matamis, at may natatanging lasa ng niyog na paboritong-paborito ng mga Pilipino. Ang pulang asukal ay nagdadagdag ng mas malalim na tamis at bahagyang caramel na lasa kumpara sa puting asukal. Ang pagbe-bake hanggang golden brown ay nagbibigay ng magandang kulay at bahagyang malutong na ibabaw habang nananatiling malambot at chewy ang loob. Ito ay isang napaka-sikat na produkto para ibenta at regalo.","14 ounces (about 400 grams) kinayod na niyog, 3/4 tasang butter, 1/2 tasang pulang asukal, 14 ounces condensed milk","Step 1: Ilagay ang butter sa malaking mangkok at gawing krema gamit ang tinidor hanggang maging malambot at fluffy.

Step 2: Idagdag ang pulang asukal at haluin nang maigi hanggang mapagsamahin at maging maayos ang texture.

Step 3: Idagdag ang itlog at condensed milk saka ihalo at ibati hanggang mahalo nang husto ang lahat ng sangkap.

Step 4: Ilagay ang kinayod na niyog at ikalat nang pantay sa iba pang mga sangkap na nasa mixture.

Step 5: Sa isang molde na may paper cups kung maaari, maglagay ng 1 kutsara ng mixture sa bawat cup para magkaroon ng pantay na laki ang bawat macaroon.

Step 6: Initin ang oven ng 400 degrees Fahrenheit ng 10 minuto bago ilagay ang mga macaroon.

Step 7: I-bake ang macaroons ng 30 minuto o hanggang maging golden brown ang kulay nito.

Step 8: Ihain bilang panghimagas o pangmeryenda. Maaari ring i-box para ibenta.",Inihurnong Kakanin / Filipino Kakanin,"Matamis, Chewy, Niyog, Buttery",Calories: ~240 kcal | Protein: ~3g | Fat: ~14g | Carbs: ~28g | Sugar: ~22g,15,30,24,Easy,Low Cost,"Macaroons, Niyog, Filipino, Baked, Meryenda, Negosyo, Kakanin","Meryenda, Dessert","Sweet and happy, Nostalgic, Gifting mood, Proud baker",
,Pandesal,"Ang Pandesal ay ang pinakasikat at pinaka-imahe na tinapay ng Pilipinas na halos lahat ng Pilipino ay lumaki na may kasama itong almusal. Ang pangalan ay nagmumula sa Espanyol na ""pan de sal"" na nangangahulugang ""tinapay ng asin."" Ang malambot at mainit na pandesal na may breadcrumbs sa ibabaw ay isang karanasan na walang katulad lalo na kapag sariwa pa mula sa oven at may kasamang mainit na kape o tsokolate. Ang rapid rise yeast ang nagbibigay ng magaan at malambot na texture ng tinapay. Ito ay isang napakagandang negosyo dahil lahat halos ay kumakain ng pandesal araw-araw.","
2 tasang all purpose flour, 2 tasang bread flour, 1/2 tasang puting asukal, 5 kutsarang butter tinunaw, 1 kutsaritang baking powder, 1 1/4 tasang sariwang gatas pinainit, 1 pouch rapid rise yeast, 1 kutsaritang asin, 1 tasang bread crumbs, 1 pc. hilaw na itlog, 1 kutsarang mantika","Step 1: Ipagsama-sama ang yeast, asukal, at mainit na gatas saka haluin hanggang malusaw nang husto ang yeast at asukal para maging aktibo ang yeast.

Step 2: Sa isang mixing bowl, pagsamahin ang mga tuyong sangkap — harina, asukal, asin, at baking powder — at haluing maigi.

Step 3: Idagdag ang itlog, butter, mantika, at yeast-sugar-milk mixture sa mixing bowl sa tuyong sangkap saka haluing muli hanggang makapamuo ng dough. Gamitin ang malinis na kamay para epektibong mahalo ang mga sangkap.

Step 4: Sa isang malinis na mesa, masahin ang dough hanggang maging pino at maayos ang texture nito.

Step 5: I-molde ang dough hanggang maging bilog saka ilagay muli sa mixing bowl. Takpan ang mixing bowl ng mamasa-masang tela at bayaang umalsa ng mga 1 oras.

Step 6: Ilagay ang dough muli sa mesa at ihati sa 4 equal parts gamit ang dough slicer.

Step 7: Irolyo ang bawat parte hanggang magporma itong cylindrical na hugis.

Step 8: Hatiin ang cylindrical dough nang pa-diagonal para makagawa ng indibidwal na piraso ng pandesal.

Step 9: Pagulungin ang nahiwang dough sa breadcrumbs at ilagay sa baking tray na may wax paper. Siguraduhing may espasyo sa pagitan ng dough sapagkat ito'y aalsa pa.

Step 10: Iwan ang nahiwang dough na may breadcrumbs sa tray at hayaang umalsa muli ng 10 hanggang 15 minuto.

Step 11: Initin ang oven ng 375 degrees Fahrenheit sa loob ng 10 minuto.

Step 12: Ilagay ang tray na may dough sa oven at i-bake ng 15 minuto hanggang ginintuang kayumanggi.

Step 13: Patayin ang oven at tanggalin ang mainit-init pang na-bake na pandesal. Ihain habang mainit.",Tinapay / Inihurnong Kakanin,"Maalat-Matamis, Malambot, Mabango, Buttery",Calories: ~180 kcal | Protein: ~5g | Fat: ~5g | Carbs: ~28g | Sodium: ~220mg,80,25,20,Moderate,Low Cost,"Pandesal, Tinapay, Filipino, Almusal, Negosyo, Baked, Pang-araw-araw","Almusal, Meryenda","Morning comfort, Nostalgic, Simple joy, Everyday happiness, Hungry",
,Stuffed Squid,"Ang Stuffed Squid ay isang makulay at espesyal na putaheng dagat na ginagamit ang malalaking pusit na pinuno ng masarap na giniling na baboy at gulay. Ang pusit ay nagsisilbing natural na lalagyan ng masarap na filling na binubuo ng giniling na baboy, carrot, celery, sibuyas, bawang, at kamatis na pinagsama sa malapot na sarsa. Ang binating itlog at harina ay ginagamit bilang pambalot bago iprito para sa magandang ginintuang kulay. Ang lemon o calamansi juice ay nagbibigay ng sariwang asim na nagbabalanse sa maalat na lasa ng pusit at giniling. Ito ay isang perpektong ulam para sa espesyal na okasyon at handaan.","2 malalaking pusit nilinis, 300g giniling na baboy, 1 medium carrot hiniwa-hiwa nang pakuwadrado, 2 stalks celery tinadtad, 1 medium sibuyas tinadtad, 4 cloves garlic tinadtad, 1 medium kamatis tinadtad, 2 kutsarang harina at kaunting harina pampadulas, juice mula sa 1 pc. lemon o calamansi, 2 kutsarang toyo, asin at dinurog na itim na paminta pampalasa, 1 pc. itlog binati, mantika pamprito","Step 1: Lagyan ang pusit ng pampalasa gamit ang asin, dinurog na itim na paminta, at lemon o calamansi juice. Itabi habang inihahanda ang filling.

Step 2: Sa isang kawali, magbuhos ng katamtamang mantika at igisa ang bawang, sibuyas, celery, at kamatis hanggang mabango at malambot.

Step 3: Idagdag ang giniling na baboy at lutuin hanggang maging light brown ang kulay ng karne.

Step 4: Idagdag ang carrots at lutuin ng 10 minuto hanggang malambot.

Step 5: Ihalo nang maigi ang 2 kutsarang harina sa 1/2 tasang tubig. Idagdag ito kasama ng pampalasang asin at paminta saka lutuin hanggang maging malapot ang mixture.

Step 6: Tanggalin ang giniling na mixture sa apoy at pabayaang lumamig nang kaunti.

Step 7: Isuksok ang mixture sa loob ng pusit at selyaduhan ang dulo gamit ang toothpicks para hindi mabuhos ang filling.

Step 8: Ilublob ang pusit sa binating itlog saka pagulungin sa harina para mabalautan nang maayos.

Step 9: Mag-init ng isa pang kawali at magbuhos ng mantika at prituhin ang magkabilang gilid ng pusit ng 3 minuto sa bawat gilid hanggang ginintuang kayumanggi.

Step 10: Tanggalin mula sa kawali at hiwain horizontally nang maayos saka ihanda at ihain.",Ulam / Main Dish,"Maalat, Maasim, Malasa, Mabango",Calories: ~320 kcal | Protein: ~28g | Fat: ~18g | Carbs: ~12g | Sodium: ~520mg,20,30,4,Moderate,Medium Cost,"Pusit, Squid, Seafood, Filipino, Ulam, Espesyal, Stuffed","Tanghalian, Hapunan","Fancy, Impressed, Celebratory, Creative cooking mood",
,Tinolang Manok,Ang Tinolang Manok ay isa sa mga pinakaklasiko at pinaka-imahe ng lutuing Pilipino — isang simpleng sopas na may malalim na puso at kaluluwa. Ginagawa ito gamit ang buong manok na niluto sa rice washing o tubig mula sa binanlawang bigas na nagbibigay ng natural na kapal at lasa sa sabaw. Ang luya ang pangunahing pampalasa na nagbibigay ng init at mabangong aroma. Ang berdeng papaya o sayote ay nagdadagdag ng masustansiyang gulay sa sopas habang ang dahon ng sili ay nagbibigay ng espesyal na aroma at lasa na natatangi sa tinola. Ito ay isang comfort food na madalas inihahain sa mga maysakit at sa malamig na panahon.,"1 buong manok hiniwa ayon sa kayang kainin ng tao, 36 ounces rice washing (tubig mula sa binanlawang bigas), 1/2 pc. maliit na berdeng papaya hiniwa nang pakuwadrado (puwede rin ang sayote), 1 kutsarang bawang tinadtad, 1 medium sized sibuyas tinadtad, 1 hinlalaking luya hiniwa sa mahahabang bahagi, 2 kutsarang patis, dahon ng sili","Step 1: Igisa ang bawang, sibuyas, at luya sa katamtamang apoy hanggang mabango at malambot.

Step 2: Ilagay ang manok at iluto hanggang maging light brown ang kulay ng karne sa lahat ng gilid.

Step 3: Idagdag ang patis at haluing maigi para mapagsamahin ang lasa.

Step 4: Ibuhos ang rice washing at bayaang kumulo. Pakuluan sa katamtamang init ng apoy ng 45 minuto o hanggang lumambot ang manok.

Step 5: Idagdag ang berdeng papaya at pakuluan sa mahinang apoy ng 5 minuto o hanggang malambot ang papaya.

Step 6: Idagdag ang dahon ng sili at haluin nang maingat.

Step 7: Idagdag ang asin at paminta pampalasa ayon sa panlasa.

Step 8: Ihain nang mainit kasabay ng kanin.",Sopas / Soup,"Maalat, Mabango, Magaan, Masabaw",Calories: ~260 kcal | Protein: ~28g | Fat: ~10g | Carbs: ~12g | Sodium: ~480mg,15,55,6,Easy,Medium Cost,"Manok, Tinola, Sopas, Filipino, Luya, Comfort Food, Tradisyonal","Tanghalian, Hapunan","Sick and needing care, Nostalgic, Comforted, Warm, Loved",
,Banana Bread,"Ang Banana Bread ay isang sikat na inihurnong tinapay na ginagawa mula sa hinog na saging na dinurog para makamit ang natural na tamis at malambot na texture ng tinapay. Ang mas hinog ang saging, mas matamis at mas mabango ang magiging banana bread. Ang vanilla essence ay nagdadagdag ng karagdagang aroma habang ang baking soda ay tumutulong para lumaki at maging magaan ang tinapay. Ito ay isang napaka-simple at mabilis na lutuin na perpekto bilang meryenda o almusal. Maaari ring ilagay sa ref para mas matagal na mapanatili ang freshness at kalambutin nito.","1 tasang saging dinurog-durog, 1/2 tasang asukal, 2 pcs. hilaw na itlog, 1/2 tasang mantika, 1 kutsaritang asin, 1 kutsaritang vanilla essence, 1 1/2 tasang all purpose flour, 1 kutsaritang baking soda","Step 1: Pagsama-samahin ang lahat ng mga tuyong sangkap tulad ng harina, asukal, asin, at baking soda sa isang malaking mixing bowl.
Step 2: Ihalo ang mga tuyong sangkap nang maigi hanggang pantay-pantay na nahalo ang lahat.
Step 3: Idagdag ang iba pang mga sangkap — itlog, dinurog na saging, mantika, at vanilla essence — saka ihalo sa mga tuyong sangkap hanggang makagawa ng maayos na batter.
Step 4: Lagyan ng langis ang loaf pan nang maigi at ibuhos ang mixture nang pantay-pantay.
Step 5: Initin ang oven ng 350 degrees Fahrenheit saka i-bake ang mixture ng 1 oras o hanggang maluto nang buo ang tinapay.
Step 6: Tanggalin ang loaf pan mula sa oven at bayaang lumamig ng ilang minuto bago alisin sa pan.
Step 7: Isalin ang banana bread sa isang pinggan at ihain. Maaari mong ilagay ang tinapay sa ref para lumamig o ihain kaagad habang mainit.",Inihurnong Kakanin / Tinapay,"Matamis, Mabango, Malambot, Natural na Tamis ng Saging","
Calories: ~280 kcal | Protein: ~5g | Fat: ~12g | Carbs: ~40g | Sugar: ~18g",15,60,4,Easy,Low Cost,"Banana Bread, Saging, Baked, Tinapay, Meryenda, Almusal, Easyng Gawin","Almusal, Meryenda","Cozy, Creative, Morning contentment, Nostalgic, Warm",
,Apple Pie,Ang Apple Pie ay isang klasikong Western na dessert na kilala sa magaan at malutong na pastry crust at masarap na matamis-maasim na apple filling sa loob. Ang Granny Smith apples ang pinaka-inirerekomenda para sa apple pie dahil sa natural na asim nito na perpektong nagbabalanse sa tamis ng asukal. Ang cinnamon at nutmeg ay nagbibigay ng warm at mabangong spiced na lasa na nagpapabuti ng kabuuang karanasan ng pie. Ang dalawang layer ng pastry dough ay nagbibigay ng malutong at flaky na crust na perpektong sumasaklaw sa masarap na filling. Ito ay isang mahusay na produkto para ibenta at regalo sa espesyal na okasyon.,"2 pastry dough, 1/2 tasang butter hiniwa-hiwa, 3 kutsarang harina, 1/2 tasang puting asukal, 1/2 tasang pulang asukal, 6 hanggang 8 pcs. Granny Smith apples binalatan tinanggalan ng buto at hiniwa-hiwa, 1/2 kutsaritang dinurog na cinnamon, 1/8 kutsaritang nutmeg","Step 1: Initin ang oven ng 425 degrees Fahrenheit bago simulan ang paghahanda ng filling.

Step 2: Sa isang mixing bowl, pagsama-samahin ang mga mansanas, puting asukal, pulang asukal, harina, nutmeg, at cinnamon saka haluing maigi para mapagsamahin ang lahat ng lasa.

Step 3: I-set ang unang pastry dough sa isang pie pan saka ilagay ang apple mixture at iaayos nang pantay-pantay sa loob ng pie pan.

Step 4: Ipantay ang butter sa ibabaw ng apple mixture para magdagdag ng karagdagang lasa at halumigmig.

Step 5: Takpan ng pangalawang pie crust at selyaduhan ang gilid gamit ang tinidor para masamahan ang dalawang crust nang maayos.

Step 6: I-bake ng 15 minuto pagkaraan ay bawasan ang init ng oven ng 300 degrees Fahrenheit at i-bake muli ng 40 hanggang 45 minuto o hanggang ginintuang kayumanggi ang crust.

Step 7: Tanggalin mula sa oven at ihain o kaya'y ilagay sa box o refrigerator para sa iimbak o ibenta.",Inihurnong Kakanin / Dessert / Pie,"Matamis, Maasim-tamis, Mabango, Malutong",Calories: ~380 kcal | Protein: ~4g | Fat: ~18g | Carbs: ~52g | Sugar: ~28g,30,60,8,Moderate,Medium Cost,"Apple Pie, Mansanas, Baked, Dessert, Western, Negosyo, Espesyal","Meryenda, Dessert","Celebratory, Gifting mood, Fancy, Warm and cozy, Western-inspired happiness",
,Carrot Loaf,Ang Carrot Loaf ay isang masustansya at malusog na inihurnong tinapay na ginagamit ang ginadgad na carrot bilang pangunahing sangkap. Ang natural na tamis ng carrot ay nagpapababa ng pangangailangan ng asukal habang nagbibigay ng natural na moisture sa tinapay para mapanatiling malambot ito nang matagal. Ang kombinasyon ng all-purpose flour at whole wheat flour ay nagbibigay ng mas mabusog at mas masustansiyang tinapay. Ang cinnamon ay nagdadagdag ng warm at mabangong spiced na lasa na nagpapaganda ng kabuuang aroma ng tinapay. Maaaring magdagdag ng cashew nuts para sa karagdagang crunch at nutty na lasa.,"1 tasang corn oil, 1/4 tasang pulang asukal, 3 itlog, 1 kutsaritang vanilla extract, 1 3/4 tasang all-purpose flour, 1/2 tasang whole wheat flour, 1 kutsaritang cinnamon, 1 kutsaritang baking powder, 1 kutsaritang baking soda, 1/2 kutsaritang salt, 1/3 tasang gatas, 2 1/2 tasang ginadgad na carrot","Step 1: I-preheat ang oven sa 350 degrees Fahrenheit. Langisan at pahiran ng corn oil ang lahat ng sulok ng 9x5-inch loaf pan.

Step 2: Sa isang mangkok ng electric mixer, ibati ang natitirang corn oil, asukal, at itlog sa low speed ng mga 30 segundo o hanggang mahalo nang maigi. Maaari ring batihin ito gamit ang wire whisk. Idagdag ang vanilla.

Step 3: Sa magkahiwalay na mangkok, batihin ang harina, cinnamon, baking powder, baking soda, at asin nang maayos. Unti-unting idagdag ang itlog sa mixture.

Step 4: Idagdag ang gatas sa mixture at haluin nang maayos.

Step 5: Ihalo ang carrots nang maingat hanggang mapantay sa buong batter.

Step 6: Ibuhos ang batter sa hinandang loaf pan at i-bake ng 55 hanggang 60 minuto o hanggang malinis ang toothpick na tinusok sa gitna ng loaf.

Step 7: Palamigin nang buo bago hiwain. Itago ang loaf sa airtight container para mapanatili ang freshness.","
Inihurnong Kakanin / Healthy Bread","Matamis, Mabango, Malambot, Masustansya",Calories: ~260 kcal | Protein: ~5g | Fat: ~12g | Carbs: ~34g | Sugar: ~14g,20,60,8,Easy,Low Cost,"
Carrot Loaf, Karot, Healthy, Baked, Tinapay, Meryenda, Masustansya","Almusal, Meryenda","Health-conscious, Proud, Wholesome, Morning motivation",
,Pastry Dough,Ang Pastry Dough ay ang pundasyon ng anumang masarap na pie at pastry. Ang tamang paghahanda ng pastry dough ay susi para makamit ang perpektong malutong at flaky na crust na nagpapaganda ng anumang pie. Ang malamig na butter ay napakahalaga sa paggawa ng pastry dough — ito ang nagbibigay ng mga maliliit na piraso ng taba sa loob ng dough na lumilikha ng flaky na texture habang nagluluto. Ang malamig na tubig ay idinaragdag nang paunti-unti para makontrol ang texture ng dough. Ang maingat na pag-iimbak sa ref ng 1 oras ay nagpapatigas ng butter at nagpapahusay ng texture ng pastry bago gamitin.,"1 1/4 tasang all-purpose flour, 1/4 kutsaritang asin, 4 kutsarang tubig malamig, 6 kutsarang butter malamig at hiniwa sa apat na bahagi (1 kutsarita bawat isa)","Step 1: Ipagsama-sama ang harina at asin sa isang mixing bowl saka paghaluin sila gamit ang isang balloon whisk hanggang pantay-pantay na nahalo.

Step 2: Idagdag ang butter saka haluin gamit ang pastry blender hanggang maging crumbly ang mixture at may maliliit na bukol ng butter.

Step 3: Magdagdag ng paunti-unting malamig na tubig habang hinahalo ang mga sangkap hanggang maging pantay ang pagkahalo at makapagsama-sama ang dough.

Step 4: Kunin ang dough at i-shape na parang ball saka patagin. Ilagay sa ref ng 1 oras para maging mas maayos ang texture at tumigas ang butter.

Step 5: Irolyo ang dough sa malinis na mesa hanggang sa magkasya ito sa iyong 9 inch round cake pan. Laging magwisik ng harina sa iyong work area at rolling pin para hindi dumikit ang dough.

Step 6: Iayos ang napatag na dough sa iyong cake pan nang maayos. Maaari mong i-refrigerate ito ng 20 minuto hanggang medyo tumigas ang texture.

Step 7: Maaari mo na ngayong lagyan ng palaman ito gamit ang paboritong pie filling mo.",Inihurnong Kakanin / Base Recipe,"Maalat, Buttery, Malutong",Calories: ~180 kcal | Protein: ~3g | Fat: ~10g | Carbs: ~20g | Sodium: ~120mg,70,0,8,Moderate,Low Cost,"Pastry Dough, Pie Crust, Baked, Base Recipe, Tinapay, Negosyo","Meryenda, Dessert","Creative, Focused, Ambitious baking mood, Proud",
,Lengua de Gato,"Ang Lengua de Gato ay isang maninipis at malutong na cookies na ang pangalan ay nagmumula sa Espanyol na nangangahulugang ""dila ng pusa"" dahil sa hugis at kapal nito. Ito ay isang popular na pasalubong at meryenda sa Pilipinas na napaka-masarap na kasama ng mainit na kape o tsokolate. Ang maninipis na texture nito ay nagbibigay ng magaan at malutong na kagat na hindi ka makatigil sa pagkain. Ang puting itlog ang nagbibigay ng magaan at airy na texture habang ang butter at vanilla ay nagdadagdag ng mayamang lasa at mabangong aroma. Ito ay isang mahusay na produkto para ibenta at regalo sa mga espesyal na okasyon.","1 tasang all-purpose flour sifted, 1/2 tasang superfine white sugar, puti ng itlog mula sa 2 itlog, 1/4 kutsaritang asin, 1/2 tasang butter pinalambot, 1/2 kutsaritang vanilla extract","Step 1: Initin ang oven ng 375 degrees Fahrenheit bago simulan ang paghahanda ng batter.
Step 2: Palambutin ang butter gamit ang electric mixer saka dahan-dahang idagdag ang asukal at asin. Haluin ng mga 2 minuto hanggang maging light and fluffy.
Step 3: Dahan-dahang ihalo ang puti ng itlog at muling ihalo ng mga 3 hanggang 4 na minuto pa hanggang maging maayos ang texture.
Step 4: Dahan-dahang ihalo ang harina. Muling haluin ng mga 2 hanggang 3 minuto o hanggang mahalo nang maigi ang lahat ng mga sangkap.
Step 5: Kunin ang piping bag at i-install ang round tip sa dulo. Ilagay ang mixture sa piping bag nang maayos.
Step 6: Sa baking tray na tinakpan ng wax o parchment paper, gumuhit ng parang dila ng pusa gamit ang piping bag. Dapat 2.5 hanggang 3 inches ang haba ng bawat cookie.
Step 7: I-bake ng 9 hanggang 10 minuto. Siguraduhing babantayan ang pagbe-bake dahil Easyng masunog ang lengua de gato.
Step 8: Tanggalin mula sa oven saka ilagay sa cookie rack hanggang lumamig ang temperatura.
Step 9: Isalin sa mga container kagaya ng container na ginagamit sa peanut brittle. Puwede na itong pasalubong sa mga customers o kaya'y regalo tuwing may okasyon.",Inihurnong Kakanin / Cookies,"Matamis, Malutong, Buttery, Mabango","
Calories: ~80 kcal | Protein: ~1g | Fat: ~4g | Carbs: ~10g | Sugar: ~6g",20,10,30,Moderate,Low Cost,"Lengua de Gato, Cookies, Baked, Meryenda, Pasalubong, Negosyo, Espesyal",Meryenda,"Nostalgic, Gifting mood, Elegant, Holiday happiness",
,Sisig,"Ang Sisig ay isa sa mga pinakasikat na putahe at pulutan sa Pilipinas na nagmula sa Pampanga at kilala sa buong mundo. Ginagawa ito mula sa tainga ng baboy at liempo na pinakuluan, inihaw, at tinadtad nang pinong-pino bago lutuin kasama ang sibuyas, luya, sili, at atay ng manok. Ang mayonnaise ay nagdadagdag ng creamy at masarap na texture na nagpapabigat ng lasa. Ang lemon o calamansi juice ay nagbibigay ng asim na nagpapagaan at nagpapalasa ng buong putahe. Ihain ito sa mainit na cast iron plate para sa pinaka-dramatic at masarap na karanasan. Maaari ring gamitin ang bangus, tuna, o tilapia bilang alternatibo para sa mas healthy na sisig.","2 lbs tainga ng baboy, 1/4 lb pork belly (liempo), 1 tasang sibuyas tinadtad, 3 kutsarang toyo, 1 kutsaritang dinurog na itim na paminta, 1 maliit na luya tinadtad, 3 kutsarang dinurog na sili, 1 pc. lemon o 3 hanggang 5 pcs. kalamansi, 1/2 tasang butter o margarine, 1/4 lb atay ng manok, 34 ounces tubig, 3 kutsarang mayonnaise, 1 kutsaritang asin","Step 1: Ibuhos ang tubig sa kaserola at bayaang kumulo. Idagdag ang asin at paminta.

Step 2: Ilagay ang tainga ng baboy at liempo saka pakuluan sa katamtamang init ng apoy ng 40 minuto hanggang 1 oras o hanggang lumambot ang karne.

Step 3: Tanggalin ang mga napakuluang sangkap mula sa kaserola at salain ang sobrang tubig.

Step 4: Ihaw ang napakuluang tainga ng baboy at liempo hanggang maluto at may char marks sa ibabaw.

Step 5: Tadtarin ang tainga ng baboy at liempo nang pinong-pino para sa pinaka-masarap na texture ng sisig.

Step 6: Sa isang kawali, maglusaw ng butter saka idagdag ang sibuyas. Iluto ang sibuyas hanggang lumambot at maging transparent.

Step 7: Ilagay ang luya at iluto ng ilang minuto hanggang mabango.

Step 8: Idagdag ang atay ng manok saka lutuin hanggang maluto nang buo.

Step 9: Durugin ang atay ng manok habang niluluto sa kawali para mapagsamahin sa ibang sangkap.

Step 10: Idagdag ang tinadtad na tainga ng baboy at liempo at muling iluto ng 10 minuto para mapagsamahin ang lahat ng lasa.

Step 11: Ilagay ang toyo at sili saka paghaluin nang maigi.

Step 12: Idagdag ang asin at paminta pampalasa ayon sa panlasa.

Step 13: Ilagay ang mayonnaise saka ihalo sa iba pang mga sangkap para sa creamy na texture.

Step 14: Ihain nang mainit at patakan ng lemon o calamansi bago kainin.",Ulam / Pulutan,"Maalat, Maanghang, Maasim, Malasa, Creamy",Calories: ~420 kcal | Protein: ~28g | Fat: ~30g | Carbs: ~8g | Sodium: ~620mg,20,75,6,Moderate,Medium Cost,"Sisig, Baboy, Pulutan, Filipino, Pampanga, Espesyal, Ihaw","Tanghalian, Hapunan, Pulutan","Party mood, Pulutan vibes, Celebratory, Excited, Bold and happy",
,Waffles with Filling,Isang masarap na waffle na may palaman sa loob. Ginagamit ang basic waffle batter na may iba't ibang uri ng palaman para sa mas masarap na lasa.,"4 tasang all purpose flour, 3/4 tasang puting asukal, 3 pcs itlog, 3/4 tasang cooking oil, 3/4 tasang tubig, 1 kutsaritang asin, 1 kutsarang baking powder, 1/2 kutsaritang vanilla","Step 1: Sa isang mangkok, paghaluin ang harina, asin at baking powder. Itabi.

Step 2: Sa hiwalay na mangkok, paghaluin ang mga basang sangkap at asukal. Patuloy na haluin hanggang malusaw ang asukal.

Step 3: Gamit ang hand mixer, ihalo ang flour mixture sa liquid mixture. Unti-unting pabilisin ang hand mixer hanggang maging madulas ang texture ng mixture. Siguraduhin na nahalong maigi ang harina.

Step 4: Habang hinahalo ang mga sangkap, iinit ang waffle maker.

Step 5: Kapag madulas na ang batter, ilagay ito sa pastry bag saka lagyan ng batter ang bawat slot ng waffle maker. Ilagay ang palaman sa ibabaw ng mixture. Pagkaraan, maglagay muli ng batter para matakpan ang palaman.

Step 6: Lutuin ang waffle ng 3 to 5 minutes hanggang maging golden brown. Karamihan sa mga waffle maker machines ay may signal kung luto na ang waffle. Kung wala nito sa iyong waffle maker, i-check kada 3 minuto kung ang waffles ay naging golden brown na.",Merienda / Snack,"Matamis, Crispy",Calories: ~280 kcal | Carbohydrates: ~45g | Fat: ~12g | Protein: ~6g | Sugar: ~15g,15,20,6,Moderate,Low Cost,"Waffle, Merienda, Negosyo, Snack, Filipino","Almusal, Meryenda","Playful, Sweet morning, Weekend treat, Indulgent",
,Tokwa't Baboy Recipe,Isang sikat na Filipino na putahe o sawsawan na gawa sa piniritong tofu at nilutong tainga at liempo ng baboy na may maasim at maalat na sarsa.,"1 lb tainga ng baboy, 1 lb pork liempo, 1 lb firm (or extra firm) tofu (mga 4 na hiwa), 1 1/2 tasang puting suka, 1/4 tasang toyo, 4 kutsarang asukal, 2 kutsarang asin, 1 kutsarang buong paminta, 1 maliit na sibuyas hiniwa nang pakuwadrado, 2 stalks onion leeks hiniwa nang 1/2 inch pahaba, 5 tasang tubig, 2 tasang mantika","Step 1: Ibuhos ang tubig sa kaserola at bayaang kumulo.

Step 2: Idagdag ang asin at buong paminta.

Step 3: Ilagay ang tainga ng baboy at liempo saka pakuluan sa katamtamang init ng apoy hanggang lumambot (mga 30 mins. hanggang 1 oras).

Step 4: Magbuhos ng mantika sa magkahiwalay na kawali at bayaang uminit.

Step 5: Kapag mainit na ang mantika, i-deep fry ang tofu hanggang maging golden brown ang kulay at ang panlabas na texture ay maging medyo malutong.

Step 6: Hiwain nang pakuwadrado ang napritong tofu at hiwain ang tainga ng baboy at liempo ayon sa kayang lunukin ng tao at itabi.

Step 7: Iinit ang kaserola at ibuhos ang suka at toyo saka bayaang kumulo.

Step 8: Idagdag ang asukal at haluin saka patayin ang apoy.

Step 9: Hayaang lumamig saka idagdag ang sibuyas, onion leeks at dinurog na sili. Isalin ang sauce sa isang mangkok.

Step 10: Ilagay ang hiniwang karne at tofu sa pinggan na may kasamang mangkok ng sawsawan sa tabi nito.

Step 11: Ihain nang mainit.",Ulam / Sawsawan / Side Dish,"Maasim, Maalat, Matamis",Calories: ~410 kcal | Protein: ~18g | Fat: ~32g | Carbohydrates: ~12g | Calcium: ~80mg | Iron: ~2mg,15,60,4,Moderate,Low Cost,"Tokwa, Baboy, Tofu, Sawsawan, Filipino","Tanghalian, Hapunan, Pulutan","Pulutan mood, Celebratory, Bold, Adventurous eater",
,Sago't Gulaman,"Isang sikat na Filipino na inumin na may malamig na sabaw ng caramelized na asukal, nilutong sago, at hiniwang gulaman. Paboritong panegosyo at pang-refresh na inumin.","3 tasang sago, 1 sachet gelatin powder, 3 tasang pulang asukal, 1 kutsarang vanilla extract, 2 to 3 tasang tubig","Step 1: Iluto ang sago sa isang kaserolang may tubig hanggang lumambot. Itabi.

Step 2: Ilusaw ang gelatin sa mainit na tubig (ayon sa package instructions). Itabi at ilagay sa ref kapag lumamig na.

Step 3: Kapag malamig na ang gelatin, hiwain ito nang maliliit na kuwadrado.

Step 4: Maglagay ng pulang asukal sa isang kaserola at bayaang mag-caramelize sa mainit na apoy.

Step 5: Kapag nagsimula nang malusaw ang asukal, ilagay ang tubig at vanilla extract. Pabayaang kumulo hanggang malusaw ang asukal. Note: Gamitin ang pinakamahinang apoy para hindi masunog ang asukal.

Step 6: Patayin ang apoy at bayaang lumamig.

Step 7: Sa isang baso, pagsama-samahin ang sago, hiniwang gelatin, 3 kutsarang sugar mixture at isang tasa ng malamig na tubig. Haluin.

Step 8: Kung balak gumawa ng sago't gulaman sa isang water jug, i-multiply na lamang ang sangkap ayon sa dami ng matitimplang baso sa water jug.",Inumin / Drinks,"Matamis, Malamig, Mabango",Calories: ~180 kcal | Carbohydrates: ~45g | Sugar: ~38g | Fiber: ~1g,15,20,1,Easy,Low Cost,"Sago, Gulaman, Inumin, Negosyo, Filipino","Meryenda, Inumin","Hot summer day, Refreshed, Street food happiness, Nostalgic",
,Tokneneng,Isang sikat na Filipino na street food na gawa sa nilagang itlog na binabad sa makulay na batter ng atsuete at pinirito hanggang malutong. Karaniwang inihahain kasama ng espesyal na sawsawan.,"6 pcs nilagang itlog, 3 kutsarang cornstarch, 1 tasang tubig, 1/4 tasang atsuete, 1 tasang tubig, 1 tasang all-purpose flour, 1/2 kutsaritang asin, 1/2 kutsaritang dinurog na itim na paminta, 2 tasang mantika","Step 1: Ilagay ang cornstarch sa isang container at pagulungin ang mga itlog ng manok. Itabi.

Step 2: Ipagsama-sama ang harina, asin at paminta at haluing maigi.

Step 3: Ilusaw ang buto ng atsuete sa mainit na tubig hanggang maging kulay pula ito. Salain ang buto at kunin ang sabaw. Isama ang sabaw sa harina-asin-paminta mixture at haluing maigi.

Step 4: Ilagay ang nilagang itlog sa mangkok at pahiran ng batter.

Step 5: Iinit ang kawali at ibuhos ang mantika.

Step 6: Kapag mainit na ang mantika, i-deep fry ang mga itlog hanggang lumutong ang panlabas. Gumamit ng serving spoon para sandukin ang itlog mula sa mangkok.

Step 7: Tanggalin ang piniritong itlog mula sa kawali at ilagay sa pinggan.

Step 8: Ihain kasama ang suka o espesyal na sawsawan.",Street Food / Merienda,"Maalat, Malutong, Malinamnam",Calories: ~210 kcal | Protein: ~7g | Fat: ~14g | Carbohydrates: ~15g | Cholesterol: ~185mg,10,15,6,Easy,Low Cost,"Tokneneng, Street Food, Itlog, Atsuete, Filipino","Meryenda, Snack","Street food joy, Nostalgic, Playful, Hungry and impulsive",
,Peanut Brittle,"Isang matamis at malutong na kendi na gawa sa mani, asukal, at corn syrup. Isang popular na pasilip at pang-negosyo na kakanin na Easyng gawin sa bahay.","1 tasang tubig, 2 tasang asukal, 2 tasang binalatan at tinustang mani, 1 tasang light corn syrup, 1/2 tasang peanut butter, 1/4 stick butter, 1 kutsaritang asin, 1/4 kutsaritang baking soda","Step 1: Ihanda ang baking sheet sa pamamagitan ng paglagay ng aluminum foil sa gilid nito at pagpahid ng mantika sa gilid nito.

Step 2: Ipagsama ang asukal at tubig sa mangkok. Haluin hanggang basang-basa ang asukal saka idagdag ang corn syrup at asin.

Step 3: Iluto ang candy sa katamtamang init ng apoy. Sa puntong ito, idagdag ang mani at haluin para magsama.

Step 4: Ituloy ang pagluluto hanggang kumukulo ang mixture.

Step 5: Tanggalin ang kaserola sa apoy at ihalo ang butter, baking soda at peanut butter. Haluing maigi hanggang magsama ang mga sangkap saka ibuhos ang mixture sa hinandang baking pan.

Step 6: Ikalat ang candy nang manipis gamit ang spatula o kutsara at bayaang lumamig sa room temperature. Kapag malamig na, hatiin sa maliliit na bahagi at itago sa airtight container o plastic bag at room temperature.",Kakanin / Candy / Negosyo,"Matamis, Maalat, Malutong",Calories: ~150 kcal | Carbohydrates: ~18g | Fat: ~9g | Protein: ~3g | Sugar: ~14g | Sodium: ~110mg,10,30,12,Moderate,Low Cost,"Peanut Brittle, Kendi, Mani, Negosyo, Kakanin","Meryenda, Snack","Snacky, Nostalgic, Sweet craving, Gifting mood",
,Mami-Style Miki,Isang masarap na sabaw na may miki noodles at hinimay na manok na katulad ng sikat na mami sa mga carinderia at restaurant. Masustansya at pang-init ng katawan.,"2 maliit na chicken breasts, 4 tasang tubig, 1 small cabbage, 3 medium carrots, 1 large stalk celery, 1 malaking sibuyas, 250 g miki noodles, 3 pcs cloves, 2 laurel leaves (bay leaf), 1 kutsarang oregano, asin pampalasa. Toppings: nilagang itlog, piniritong bawang, spring onion, calamansi, paminta, patis","Step 1: Hiwain nang maninipis ang carrot at cabbage.

Step 2: Sa isang kaserola, ilagay ang manok at 4 tasang tubig saka pakuluan hanggang lumambot ang manok.

Step 3: Dagdagan ng kalahating kutsaritang asin, whole peppercorns, 3 cloves, laurel at oregano.

Step 4: Pabayaang lumamig ang manok para Easy itong himayin.

Step 5: Itabi ang stock. Bayaan itong kumulo sa mahinang apoy para mainit ito kapag inihanda.

Step 6: Kapag malamig na ang manok, tanggalin ito mula sa kaserola at himayin nang maninipis gamit ang tinidor at kutsilyo. Maaari ninyo ring i-food processor ang manok, siguraduhin lamang na tinanggalan ito ng buto.

Step 7: Sa isang magkahiwalay na kaserola, magpakulo ng tubig. Kapag kumulo na ang tubig, ihulog ang Miki noodles. Tanggalin at salain kapag medyo luto na ang Miki (hindi malabsa at hindi rin matigas). Ilubog ang Miki noodles sa malamig na tubig.

Step 8: Sa tuwing may oorder, lagyan ng noodles ang mangkok, buhusan ng konting stock saka pangibabawan ng toppings.",Sopas / Noodle Dish,"Maalat, Malinamnam, Masabaw",Calories: ~320 kcal | Protein: ~22g | Carbohydrates: ~40g | Fat: ~8g | Sodium: ~850mg | Vitamins: ~15%,20,40,6,Moderate,Low Cost,"Mami, Miki, Noodles, Manok, Sopas","Almusal, Tanghalian, Meryenda","Sick, Cold day, Comforted, Hungry, Late night craving",
,Milk Tea,Isang simpleng inumin na gawa sa tsaa at condensed milk. Easyng gawin at masarap na pang-refresh na inumin para sa lahat ng okasyon.,"tea bag, condensed milk, mainit at kumukulong tubig","Step 1: Kumuha ng tasa o mug. Ilubog ang tea bag sa mainit at kumukulong tubig.

Step 2: Magbuhos ng kaunting condensed milk sa tsaa depende sa kung gaano katamis ninyo gusto ang inyong milk tea.",Inumin / Drinks,"Matamis, Mabango, Creamy",Calories: ~120 kcal | Carbohydrates: ~22g | Calcium: ~10% | Sugar: ~18g | Fat: ~3g,5,5,1,Easy,Low Cost,"Milk Tea, Inumin, Tsaa, Negosyo, Drinks","Almusal, Meryenda, Inumin","Trendy, Happy, Relaxed afternoon, Treat yourself",
,Pancakes,"Isang malambot at matamis na almusal na gawa sa simpleng batter ng harina, itlog, at gatas. Maaaring lagyan ng iba't ibang toppings tulad ng maple syrup, butter, at prutas.","1 tasang all-purpose flour, 2 kutsarang asukal, 2 kutsaritang baking powder, 1/2 kutsaritang asin, 1 tasang gatas evaporada, 2 kutsarang butter o mantika, 1 malaking itlog, 1 kutsarang butter o mantika","Step 1: Iinit ang teflon pan at lusawin ang butter.

Step 2: Pagsama-samahin ang unang 7 ingredients at haluin nang maigi hanggang mawala ang namumuong harina.

Step 3: Initin ang teflon pan at lagyan ng butter o mantika. Sumandok mula sa batter saka ilagay ito sa teflon pan.

Step 4: Hintaying mag-form ng bubbles ang batter. Kapag marami ng bubbles, baligtarin.

Step 5: Kapag luto at light brown na ang bawat side, hanguin mula sa teflon pan.

Step 6: Maaaring lagyan ng maple syrup at butter ang ibabaw ng pancakes, chocolate syrup, jam, honey, blueberry, whipped cream, etc.",Almusal / Merienda,"Matamis, Malambot, Mabango",Calories: ~190 kcal | Carbohydrates: ~28g | Protein: ~5g | Fat: ~7g | Sugar: ~6g | Calcium: ~8%,10,15,4,Easy,Low Cost,"Pancakes, Almusal, Breakfast, Merienda, Negosyo","Almusal, Meryenda","Lazy Sunday morning, Cozy, Happy, Slow and peaceful day",
,Iced Tea,"Isang malamig at nakakarefresh na inumin na gawa sa tsaa, honey o asukal, at lemon o calamansi. Perpekto para sa mainit na panahon at Easyng gawin sa bahay.","tea bag, mainit at kumukulong tubig, ice cubes or crushed ice, honey or sugar, lemon o calamansi","Step 1: Kumuha ng malaking mug. Magbuhos ng mainit at kumukulong tubig.

Step 2: Ilubog ang tea bag sa mainit at kumukulong tubig. Siguraduhin na maiging nailubog ang tea bag para kumalat ang tsaa sa tubig.

Step 3: Tanggalin ang tea bag sa mug at isalin ito sa baso. Lagyan ng honey o asukal at haluin nang maigi.

Step 4: Palamigin ang tsaa ng mga 30 minuto. Maaaring ilagay sa ref para mas mabilis lumamig.

Step 5: Lagyan ng ice cubes o crushed ice pagkatapos. Pigaan ng lemon o calamansi at muling ihalo nang maigi.",Inumin / Drinks,"Maasim, Matamis, Malamig",Calories: ~90 kcal | Carbohydrates: ~24g | Sugar: ~22g | Vitamin C: ~15% | Antioxidants: ~High,5,5,1,Easy,Low Cost,"Iced Tea, Inumin, Malamig, Negosyo, Drinks","Meryenda, Inumin","Hot day relief, Refreshed, Casual and relaxed, Summer mood",
,Garlic Sesame Spinach,"Isang simpleng at masustansyang gulay na putahe na gawa sa sariwang spinach na niluto sa olive oil, sesame oil, at bawang. Mabilis at Easyng lutuin para sa araw-araw na pagkain.","1/2 lb sariwang spinach nilinis, 1 kutsaritang sesame oil, 1 kutsarang olive oil, 2 cloves garlic tinadtad, 1/2 kutsaritang asin, sesame seeds (optional)","Step 1: Initin ang kawali. Ibuhos ang olive at sesame oil.

Step 2: Ilagay ang bawang ng ilang segundo. Siguraduhin na hindi masyadong mainit ang mantika para hindi masunog ang bawang.

Step 3: Idagdag ang spinach. Iluto nang ilang minuto habang hinahalo paminsan-minsan.

Step 4: Wisikan ng asin at sesame seeds. Ihalo.

Step 5: Isalin sa isang pinggan at ihain. Number of servings (yield): 3",Gulay / Vegetable Dish,"Maalat, Mabango, Natural",Calories: ~65 kcal | Vitamin A: ~120% | Vitamin C: ~30% | Vitamin K: ~400% | Iron: ~15% | Calcium: ~8% | Fiber: ~3g,5,10,3,Easy,Low Cost,"Spinach, Garlic, Sesame, Gulay, Healthy","Tanghalian, Hapunan","Health-conscious, Energized, Clean eating, Disciplined",
,Homemade Taho,"Isang sikat na Filipino na almusal at meryenda na gawa sa malambot na tofu, nilutong sago, at matamis na arnibal na syrup. Easyng gawin sa bahay at mas tipid kaysa sa biniling taho.","22 ounces extra soft tofu, 1/4 tasang pulang asukal, 1/2 tasang hilaw na sago, 4 1/2 tasang tubig","Step 1: Magbuhos ng 4 na tasang tubig sa kaserola at bayaang kumulo.

Step 2: Ilagay ang sago at lutuin ng 40 minuto sa katmtamang init ng apoy.

Step 3: Magdagdag ng 1/4 tasang asukal at haluin nang maigi.

Step 4: Patayin ang apoy at bayaang lumamig ang sago sa kaserola. Itabi.

Step 5: Isalin ang extra soft tofu sa isang malaking mug at iinit sa microwave oven ng 2 minuto.

Step 6: Pangibabawan ang extra soft tofu ng nalutong sago at minatamis na syrup. Mayroon ka ng homemade taho! Makes 4 mugs of taho.",Almusal / Merienda / Street Food,"Matamis, Malambot, Malinamnam",Calories: ~160 kcal | Protein: ~8g | Carbohydrates: ~28g | Calcium: ~15% | Iron: ~6% | Sugar: ~18g,5,45,4,Easy,Low Cost,"Taho, Tofu, Sago, Almusal, Filipino","Almusal, Meryenda","Nostalgic, Morning happiness, Simple joy, Comforted",
,Fried Donuts,"Isang masarap na piniritong donut na gawa sa simpleng dough ng harina, itlog, at gatas. Malutong sa labas at malambot sa loob. Maaaring budburan ng powdered sugar o cinnamon-sugar para sa mas masarap na lasa.","2 tasang all-purpose flour, 1/2 tasang asukal, asin, 1 1/2 kutsaritang baking powder, 1 itlog, 4 kutsarang mantika, 1/4 tasang gatas evaporada, mantika pang deep frying","Step 1: Salain ang harina at baking powder sa isang malaking mangkok.

Step 2: Magdagdag ng asukal at asin saka haluin.

Step 3: Sa isa pang mangkok, batihin ang itlog at ihalo ang mantika.

Step 4: Ihalo ang flour mixture hanggang maging malapot.

Step 5: Ihalo ang gatas.

Step 6: Gamit ang kamay na may harina, imasa ang dough hanggang maging makinis (kung masyadong madikit, magdagdag ng harina).

Step 7: Iiwan ang dough sa mixing bowl nang mga 2 oras.

Step 8: Irolyo ang dough ng 1/4 inch thick sa isang mesa na binudburan ng harina.

Step 9: Gamitan ng doughnut-cutter ang dough. Kung walang doughnut cutter, putulin na lang ang donut na hugis pahaba para maging bitso-bitso ang itsura nito.

Step 10: Mag-init ng mantika para sa deep frying.

Step 11: Isa-isang ihulog ang mga donut sa mainit na mantika hanggang maging kulay golden brown.

Step 12: Tanggalin mula sa mantika at patiktikin sa paper towels.

Step 13: Wisikan ng powdered sugar o cinnamon-sugar mixture. Serves 36.",Merienda / Kakanin / Negosyo,"Matamis, Malutong, Malambot",Calories: ~110 kcal | Carbohydrates: ~15g | Fat: ~5g | Sugar: ~7g | Protein: ~2g | Sodium: ~90mg,130,20,36,Moderate,Low Cost,"Donuts, Pinirito, Merienda, Negosyo, Kakanin","Almusal, Meryenda, Snack","Indulgent, Playful, Sweet craving, Weekend fun",
,Fish Pinipig,Isang masarap na pritong isda na may balot na pinipig na nagbibigay ng malutong na texture. Inihahain kasama ng espesyal na dipping sauce na may mayonnaise at calamansi.,"250 gms fish fillet (cream dory, snapper etc.), 1 kutsarang rock salt, 1/2 kutsaritang puting paminta dinurog, 1 kutsarang calamansi juice, 1 tasang harina, 2 pcs itlog binati nang maigi, 100 gms pinipig (local cereal), mantika para sa deep-frying. Sauce: mayonnaise, itlog, calamansi, paminta, asin, cayenne","Step 1: Hiwain ang fish fillet nang pahaba.

Step 2: Ibabad sa rock salt, puting paminta at calamansi juice.

Step 3: I-coat sa harina ang bawat fish fillet, saka isawsaw sa itlog at pagkaraan ay pagulungin sa pinipig. Palamigin ng mga 30 minuto.

Step 4: Iprito nang lubog sa mantika hanggang maging light brown at pumutok ang mga pinipig. Para ihanda ang dipping sauce:

Step 5: Ihalo nang maigi ang lahat ng sangkap para sa dipping sauce. Itago sa ref at ilabas kapag kakainin na ang Fish Pinipig.",Ulam / Isda / Pritong Pagkain,"Maalat, Malutong, Creamy (sauce)",Calories: ~340 kcal | Protein: ~24g | Omega-3: ~High | Fat: ~22g | Carbohydrates: ~14g | Calcium: ~4%,40,15,4,Easy,Low Cost,"Fish, Pinipig, Isda, Pritong Pagkain, Filipino","Tanghalian, Hapunan, Meryenda","Curious, Creative, Fun dinner mood, Impressed",
,Fancy Hot Dogs,Isang espesyal na paraan ng pagluluto ng hot dogs na may sibuyas at sour cream sauce. Simpleng pagkain na ginawa para maging mas masarap at pang-restaurant ang dating.,"1 kutsarang butter (magdagdag kung kinakailangan), 6 standard-sized hot dogs hiniwa-hiwa nang maninipis, 1 tasang sibuyas, 2/3 tasang sour cream, 1/3 tasang asukal, 1 kutsarang tinadtad na sariwang parsley (optional)","Step 1: Ilusaw ang butter sa isang kawali sa katamtamang init ng apoy.

Step 2: Idagdag ang sibuyas at hiniwang hotdogs. Lutuin habang hinahalo paminsan-minsan ng 5 to 10 minuto o hanggang maging brown ang hotdogs.

Step 3: Idagdag ang sour cream at kaunting-kaunting tubig. Haluin hanggang lumapot. Initin.

Step 4: Ihain kasama ang pasta. Wisikan ng tinadtad na sariwang parsley. Yield: Serves 4.",Ulam / Main Dish,"Maalat, Creamy, Matamis",Calories: ~380 kcal | Protein: ~12g | Fat: ~28g | Carbohydrates: ~18g | Sodium: ~1100mg | Calcium: ~6%,10,15,4,Easy,Low Cost,"Hot Dogs, Sour Cream, Pasta, Ulam, Negosyo","Tanghalian, Hapunan","Fun, Playful, Kid-friendly joy, Casual happiness",
,Egg Drop Soup,"Isang simpleng Chinese-inspired na sopas na gawa sa chicken stock, binating itlog, at mushroom. Masabaw at masustansya na angkop para sa lahat ng edad.","3 itlog binati, 4 tasang chicken stock, 1 kutsarang corn starch, 1/2 kutsaritang ginadgad na luya, 1 kutsarang toyo, 3 berdeng sibuyas tinadtad, 1/4 kutsaritang puting paminta, 3/4 tasang Shitake mushrooms","Step 1: Gamitin ang 1/2 tasa ng stock, haluan ito ng cornstarch hanggang matunaw ang cornstarch. Ito ang cornstarch and stock mixture mo.

Step 2: Ilagay ang natitirang chicken stock, luya, toyo, berdeng sibuyas, mushrooms at puting paminta sa isang kaserola at pakuluan.

Step 3: Idagdag ang cornstarch and stock mixture saka haluin. Hinaan ang apoy.

Step 4: Dahan-dahang ibuhos ang binating itlog habang hinahalo ang sopas. Patayin ang apoy at pangibabawan ang sopas ng tinadtad na berdeng sibuyas. Ihain habang mainit. Yield: Serves 4.",Sopas / Soup,"Maalat, Malinamnam, Masabaw",Calories: ~110 kcal | Protein: ~8g | Vitamin B: ~10% | Vitamin D: ~15% | Iron: ~8% | Sodium: ~920mg | Antioxidants: ~Med,10,15,4,Easy,Low Cost,"Egg Drop Soup, Sopas, Itlog, Mushroom, Chinese-inspired","Tanghalian, Hapunan","Sick, Cold, Simple comfort, Cozy, Quick satisfaction",
,Crabmeat Spread,Isang masarap na spread na gawa sa ginisang crabmeat at mayonnaise. Maaaring ihain kasama ng crackers o i-package sa bote para ibenta.,"1/2 lb ginisang crabmeat na hiniwa nang pinong-pino, 1/2 tasang mayonnaise, tinadtad na berdeng sibuyas, dinurog na itim na paminta","Step 1: Ihalo ang crabmeat at mayonnaise sa isang mangkok.

Step 2: Idagdag ang tinadtad na berdeng sibuyas at paminta pampalasa; haluin.

Step 3: Takpan ang mixture at ilagay sa ref.

Step 4: Kapag malamig na ang spread, ihain kasama ng crackers. Maaari ninyo rin itong i-package sa bote kung gusto ninyong ibenta.",Spread / Merienda / Negosyo,"Maalat, Creamy, Malinamnam",Calories: ~140 kcal | Protein: ~9g | Omega-3: ~High | Fat: ~10g | Sodium: ~380mg | Calcium: ~4%,10,0,4,Easy,Low Cost,"Crabmeat, Spread, Merienda, Negosyo, Seafood","Meryenda, Snack, Agahan","Fancy, Impressed, Party mood, Snacky and indulgent",
,Pancit Bihon,"Ang Pancit Bihon ay isa sa mga pinakakilalang pansit sa Pilipinas na ginagawa mula sa manipis na bigas na noodles. Niluluto ito kasama ang manok, baboy, at iba't ibang gulay tulad ng carrots, gisantes, at dahon ng celery. Ang toyo at chicken cube ang nagbibigay ng malalim na lasa sa bawat subo. Madalas itong inihahain sa kaarawan at iba pang espesyal na okasyon dahil sa paniniwala na nagbibigay ito ng mahabang buhay.","1 lb pancit bihon, 1/2 lb manok niluto at hinimay nang maninipis, 1/2 lb baboy hiniwa-hiwa nang maninipis, 1/8 lb gisantes o snow pea, 1 tasang carrot hiniwa-hiwa nang maninipis, 1 tasang dahon ng celery hiniwa-hiwa, 2 tasang bawang tinadtad, 1/2 kutsarang sibuyas hiniwa-hiwa, 1 pc. chicken cube, 5 kutsarang toyo, 3 hanggang 4 tasang tubig","Step 1: Sa isang malaking kaserola, igisa ang bawang at sibuyas hanggang mabango. 

Step 2: Idagdag ang baboy at manok saka bayaang maluto ng 2 minuto. 

Step 3: Idagdag ang chicken cube at tubig saka pakuluan sa katamtamang init ng apoy ng 15 minuto. 

Step 4: Ilagay ang carrots, gisantes, repolyo, at dahon ng celery saka lutuin sa mahinang apoy ng ilang minuto. 

Step 5: Tanggalin ang mga gulay sa kaserola at itabi. Step 6: Sa kaserola kung nasaan ang sabaw, idagdag ang toyo saka haluing maigi. 

Step 7: Idagdag ang pancit bihon na ibinabad muna sa tubig ng 10 minuto at haluing maigi. Iluto hanggang masipsip ng bihon ang sabaw. 

Step 8: Ilagay ang gulay at karne na naluto kanina saka iluto sa mahinang apoy ng hanggang 2 minuto. Ihain nang mainit.",Ulam / Pansit,"Maalat, Malasa, Umami",Calories: ~320 kcal | Protein: ~20g | Fat: ~8g | Carbs: ~44g | Sodium: ~720mg,15,30,8,Easy,Medium Cost,"Pancit, Bihon, Noodles, Filipino, Manok, Baboy, Kaarawan","Tanghalian, Hapunan, Espesyal na Okasyon","Birthday happiness, Nostalgic, Celebratory, Family gathering joy",
,Pancit Malabon,"Ang Pancit Malabon ay isang espesyal na pansit na nagmula sa lungsod ng Malabon sa Metro Manila. Kilala ito sa makapal na noodles at masarap na sawsawan na gawa sa katas ng hipon at atsuete na nagbibigay ng kahel na kulay. Puno ng iba't ibang toppings tulad ng hipon, chicharon, tinapa, nilagang itlog, at pechay baguio, ito ay isang makulay at masustansiyang putahe na paboritong kainin ng mga Pilipino sa espesyal na okasyon.","1 lb pancit malabon noodles, 1/2 lb liempo pakuluan at hiwa-hiwain, 3/4 tasang atsuete na nilusaw sa mainit na tubig (annatto water), 3/4 tasang patis, 1/2 kutsaritang bawang tinadtad, 1 kutsaritang dinurog na itim na paminta, 4 tasang chicharon dinurog, 1 medium-sized sibuyas hiniwa-hiwa, 1/2 lb hipon binalatan at niluto at hinati sa dalawang bahagi nang pahaba, 1/4 lb adobong pusit hiniwa-hiwa, 1/2 tasang chicharon dinurog, 1 tasang pechay baguio dinurog, 1 pc. lemon hiniwa-hiwa nang pakuwadrado (puwede ring kalamansi), 3/4 tasang himay na tinapa, 3 pcs. nilagang itlog hiniwa-hiwa, 1 kutsarang parsley hiniwa-hiwa, 2 kutsarang bawang","Step 1: Iluto ang noodles ayon sa package instructions. Kung ginagamit ang tradisyunal na pancit malabon noodles, ibabad ito sa tubig magdamag bago iluto. Itabi.
Step 2: Simulang gawin ang sawsawan sa pamamagitan ng pagpapaluto ng liempo at paghalo ng annatto water, patis, bawang, at paminta sa kaserola.
Step 3: Idagdag ang patis at dinurog na itim na paminta saka haluin nang maigi.
Step 4: Idagdag ang katas ng hipon at annatto water saka pakuluan sa kalamtamang init ng apoy ng 3 minuto.
Step 5: Idagdag ang dinurog na chicharon at sibuyas sa sawsawan at haluing maigi.
Step 6: Ibuhos ang sawsawan sa mga noodles sa isang malaking mangkok at haluing maigi para maipamahagi nang pantay.
Step 7: Isalin ang mga noodles sa isang serving plate o bilao.
Step 8: Ayusin ang mga toppings sa ibabaw: hipon, adobong pusit, chicharon, pechay baguio, tinapa, at nilagang itlog.
Step 9: Lagyan ng pinirituong bawang at parsley sa ibabaw.
Step 10: Ihain kasama ang hiwa ng lemon o kalamansi.",Ulam / Pansit,"Maalat, Malasa, Umami, Mataba",Calories: ~450 kcal | Protein: ~28g | Fat: ~18g | Carbs: ~48g | Sodium: ~890mg,20,40,6,Moderate,Medium Cost,"Pancit, Malabon, Noodles, Filipino, Seafood, Espesyal, Hipon","Tanghalian, Hapunan, Espesyal na Okasyon","Festive, Proud (Malabon pride), Celebratory, Special occasion",
,Pancit Palabok,"Ang Pancit Palabok ay isa sa mga pinakasikat na pansit sa Pilipinas na kilala sa makapal at maliwanag na kahel na sawsawan nito na gawa sa all-purpose flour, annatto powder, at pork broth. Ginagamit ang pancit bihon para sa noodles at itinatambal ng iba't ibang toppings tulad ng pinakuluang hipon, chicharon, nilagang itlog, tokwa, at pinirituong bawang. Masarap na ihain sa mga espesyal na okasyon tulad ng kaarawan at Pasko, at sinasamahan ng kalamansi para sa dagdag na asim.","1 pack (1 lb) pancit bihon, 2 kutsarang mantika, 1/2 lb giniling na baboy, 2 kutsarang annatto powder, 1 kutsarang bawang tinadtad, 3 tasang pork broth, 6 kutsarang all-purpose flour, 1 pc. shrimp cube, 1/2 kutsarang patis, 2 kutsaritang dinurog na itim na paminta, 1 tasang pinakuluang baboy hiniwa-hiwa sa maliliit na bahagi, 2 pcs. nilagang itlog hiniwa-hiwa nang pakuwadrado, 1/2 tasang hinimay na tokwa hiniwa-hiwa nang pakuwadrado, 1/2 tasang dinurog na chicharon, 1/4 tasang sibuyas hiniwa-hiwa, 1/4 tasang hipon pinakuluan o pinasingawan, 3 kutsarang pinirituong bawang, 2 pc. lemon hiniwa-hiwa (o 6 hanggang 8 pcs. kalamansi)","Step 1: Ibabad ang bihon sa tubig ng 15 minuto. Salain at itabi.
Step 2: Initin ang kaserola at ibuhos ang mantika. Kapag mainit na, ilagay ang giniling na baboy at lutuin hanggang maluto.
Step 3: Ihalo ang annatto powder sa kaunting mainit na tubig para lumabas ang kulay, saka ibuhos ito sa kaserola kasama ang pork broth at all-purpose flour. Haluing maigi para walang bukol.
Step 4: Idagdag ang shrimp cube at patis saka pakuluan sa katamtamang init ng apoy ng 3 minuto hanggang lumapot ang sawsawan.
Step 5: Ilagay ang bihon sa sawsawan at lutuin sa katamtamang init ng apoy hanggang masipsip ng bihon ang sabaw. Haluin paminsan-minsan para hindi masunog.
Step 6: Isalin ang mga noodles sa isang malaking serving plate o bilao.
Step 7: Ayusin ang mga toppings sa ibabaw: hipon, chicharon, nilagang itlog, tokwa, sibuyas, at pinirituong bawang.
Step 8: Ihain kasama ang hiwa ng lemon o kalamansi sa gilid.",Ulam / Pansit,"Maalat, Malasa, Umami, Creamy",Calories: ~410 kcal | Protein: ~24g | Fat: ~16g | Carbs: ~46g | Sodium: ~850mg,20,35,8,Moderate,Medium Cost,"Pancit, Palabok, Noodles, Filipino, Seafood, Espesyal, Kaarawan","Tanghalian, Hapunan, Espesyal na Okasyon","Celebratory, Birthday mood, Festive, Proud",
,Adobong Pusit,"Ang Adobong Pusit ay isang masarap na Filipino na putahe na ginagawa mula sa pusit na niluto sa toyo, suka, at tinta ng pusit mismo. Ang itim na tinta ng pusit ang nagbibigay ng natatanging maitim na kulay at malalim na lasa sa putaheng ito. Ang asim ng suka at alat ng toyo ay nagbabalanse sa masustansiyang lasa ng pusit. Ang bawang, sibuyas, at kamatis ay nagdadagdag ng karagdagang lalim ng lasa. Masarap na ihain kasama ang mainit na kanin.","2 lbs medium-sized pusit nilinis, 2 pc. medium sized kamatis hiniwa nang pakuwadrado, 1 pc. malaking sibuyas hiniwa nang pakuwadrado, 1/2 tasang toyo, 2 tasang suka, 1 tasang tubig, 5 cloves crushed garlic, 1/2 kutsaritang asukal, asin at paminta pampalasa, 2 kutsarang mantika","Step 1: Initin ang kawali o kaserola at ibuhos ang toyo, suka, at tubig saka pabayanang kumulo.
Step 2: Idagdag ang pusit at pabayanang kumulo sa katamtamang init ng apoy ng 5 minuto hanggang lumambot ang pusit.
Step 3: Patayin ang apoy saka ihiwalay ang pusit sa sabaw. Itabi ang pusit at ang sabaw nang hiwalay.
Step 4: Ibuhos ang mantika sa kawali o kaserola at paintitin sa katamtamang init ng apoy ng ilang segundo.
Step 5: Kapag mainit na ang mantika, igisa ang bawang, sibuyas, at kamatis hanggang lumambot at mabango.
Step 6: Idagdag ang tinta ng pusit, paminta, at asukal saka lutuin ng ilang segundo.
Step 7: Ibuhos ang soy sauce-vinegar-water mixture na ginamit para lutuin ang pusit saka pakuluan sa katamtamang init ng apoy ng 3 minuto.
Step 8: Idagdag ang pusit na naihiwalay kanina. Pakuluan sa mahinang apoy ng 3 minuto. Ihain nang mainit kasama ang kanin.",Ulam,"Maalat, Maasim, Malasa, Umami",Calories: ~280 kcal | Protein: ~32g | Fat: ~10g | Carbs: ~8g | Sodium: ~740mg,15,25,4,Easy,Medium Cost,"Adobo, Pusit, Squid, Filipino, Seafood, Maalat, Maasim","Tanghalian, Hapunan","Bold, Adventurous, Nostalgic, Craving something deep and savory",
,Pork Barbecue,"Ang Pork Barbecue ay isa sa mga pinakasikat na street food at pulutan sa Pilipinas na ginagawa mula sa manipis na hiwa ng baboy na inatsara sa toyo, banana ketchup, lemon juice, at asukal. Ang matamis, maalat, at bahagyang maanghang na marinade ang nagbibigay ng natatanging lasa sa bawat tusok. Ipinagmamayabang ng Pork Barbecue ang masarap at mabangong amoy nito habang inihahaw, na laging nagpapagutom sa lahat. Mas masarap kung ibabad nang magdamagan para mas malalim ang lasa ng marinade sa karne.","2 lbs baboy hiniwa-hiwa, 1/2 tasang toyo, lemon juice mula sa 1 pc. lemon, 1/2 tasang banana ketchup, 2 kutsaritang asin, 1 kutsarang pulang asukal, 3 kutsarang paminta, 8 cloves garlic tinadtad at dinurog","Step 1: Pagsamasamahin ang toyo, lemon juice, ketchup, asin, paminta, pulang asukal, at bawang sa isang malaking mixing bowl saka pagkahaluin nang maigi para maging pantay na marinade.
Step 2: Idagdag ang mga hiwa ng baboy sa marinade at siguraduhing matakpan nang buo ang bawat piraso. Para sa mas masarap na resulta, ibabad ang baboy sa marinade magdamagan sa ref. Kung gagamitin nang kaagad, maghintay ng 3 oras para sipsipinin ng karne ang marinade.
Step 3: Tusukin isa-isa ang mga hiwa ng baboy gamit ang barbecue stick.
Step 4: Ihawin ang baboy sa uling o grill nang baligtaran hanggang maluto at may char marks sa ibabaw.
Step 5: Gamitin ang natirang marinade sauce bilang basting sauce sa pagitan ng pag-ikot ng karne para mas maging makatas at malasa. Ihain kasama ng maanghang na suka.",Ulam / Ihaw / Street Food,"Matamis, Maalat, Malasa, Maanghang",Calories: ~380 kcal | Protein: ~28g | Fat: ~22g | Carbs: ~14g | Sodium: ~680mg,20,30,6,Easy,Medium Cost,"Barbecue, Baboy, Ihaw, Street Food, Filipino, Pulutan, Pork","Tanghalian, Hapunan, Pulutan","Street food happiness, Party mood, Nostalgic, Festive, Excited",
,Saucy Hotdog Cocktails,"Ang Saucy Hotdog Cocktails ay isang mabilis at masarap na meryenda o appetizer na ginagawa mula sa maliit na cocktail hotdog na niluto sa masarap na sawsawan ng ketchup, Worcestershire sauce, dry mustard, at paprika. Ang matamis at bahagyang maanghang na sauce ay perpektong nagbabalanse sa alat ng hotdog. Easy itong ihanda gamit ang microwave sa loob lamang ng ilang minuto, kaya perpekto para sa mga partido, pagtitipon, at mabilis na meryenda ng pamilya.","1/4 tasang tubig, 1/2 tasang ketchup, 3 kutsarang pulang asukal, 1/2 kutsaritang Worcestershire sauce, 1/2 kutsaritang dry mustard, 1/2 kutsaritang paprika, 450 gms cocktail hotdogs","Step 1: Paghaluin ang lahat ng mga sangkap maliban sa hotdog — tubig, ketchup, pulang asukal, Worcestershire sauce, dry mustard, at paprika — sa isang babasaging mangkok na microwave-safe.
Step 2: I-microwave nang may takip ng 3 minuto o hanggang bumula ang sawsawan.
Step 3: Ihalo ang mga cocktail hotdog sa sawsawan at haluing maigi para matakpan ng sauce ang bawat hotdog.
Step 4: I-microwave nang may takip ng 2 minuto o hanggang mainit nang mabuti ang mga hotdog.
Step 5: Pabayaang lumamig nang kaunti ng 2 minuto. Tusukin ng toothpick ang bawat hotdog saka ihain habang mainit.",Meryenda / Appetizer / Pulutan,"Matamis, Maalat, Bahagyang Maanghang",Calories: ~220 kcal | Protein: ~10g | Fat: ~14g | Carbs: ~16g | Sodium: ~580mg,5,10,6,Easy,Low Cost,"Hotdog, Cocktail, Meryenda, Party Food, Filipino, Quick, Easy","Meryenda, Pulutan, Appetizer","Party mood, Playful, Kids' excitement, Casual fun",
,Potato Salad,"Ang Potato Salad ay isang sikat na salad sa Pilipinas na ginagawa mula sa pinakuluang patatas at manok na sinasamahan ng mansanas, pineapple tidbits, keso, at pickle relish na pinagsamang sa creamy na mayonnaise. Ang pinagsamang tamis ng prutas at asim ng pickle relish ay nagbibigay ng natatanging matamis-asim na lasa. Ang keso at celery ay nagdadagdag ng texture at lalim ng lasa. Madalas itong inihahain sa mga handaan at espesyal na okasyon bilang side dish.","2 kilo patatas, 8 mansanas (mas mainam kung berde), 1 piso ng manok, 3 tasang tubig, 1 medium lata ng pineapple tidbits o crushed pineapple kasama pati ang syrup, 1-1/2 tasa mayonnaise (isang pouch), 3 kutsara ng pickle relish, 1 tasang keso grated, 2 tangkay ng celery, asin, paminta, rosemary (kung meron lamang)","Step 1: Sa isang kaserola, ilagay ang nahugasang patatas, manok, tubig, isang kutsaritang asin, at isang kutsarang rosemary. Ilaga ang manok hanggang lumambot.
Step 2: Ihango ang pitso ng manok saka ilagay sa isang lalagyan para palamigín. Itabi ang manok hanggang lumamig. Pagkatapos ilagay ang patatas sa kaserola, lagyan ng isang kutsaritang asin at tubig hanggang mataakpan ang patatas. Lutuin hanggang lumambot.
Step 3: Hanguin ang patatas saka hayaang lumamig. Hiwain ng 1-inch cubes.
Step 4: Hiwain ang mga mansanas sa 1/2-inch cubes. Maaari ring gumamit ng dalawang kulay ng mansanas para mas maganda ang presentasyon.
Step 5: Kapag malamig na ang patatas, ilagay ito sa isang malaking bowl kasama ng hinimay na manok, mansanas, at pineapple tidbits. Haluin nang dahan-dahan.
Step 6: Idagdag ang keso, pickle relish, at mayonnaise. Haluin nang maigi para mapagsamahin ang lahat ng sangkap. Ihain nang malamig.",Salad / Side Dish,"Matamis, Creamy, Maasim, Malasa",Calories: ~320 kcal | Protein: ~14g | Fat: ~16g | Carbs: ~36g | Sodium: ~380mg,20,30,8,Easy,Medium Cost,"Potato Salad, Salad, Filipino, Mayonnaise, Party Food, Side Dish","Tanghalian, Hapunan, Side Dish, Espesyal na Okasyon","Celebratory, Party mood, Festive, Happy gathering",
,Spiced Rubbed Steak,"Ang Spiced Rubbed Steak ay isang masarap na steak na pinahiran ng espesyal na pinagsamang chili powder, cumin, Spanish paprika, at iba pang pampalasa bago ihaw. Ang kombinasyon ng mga pampalasa ay nagbibigay ng malalim, mabango, at masarap na lasa sa karne. Inihahain kasama ang colorful na pepper salad na gawa sa tatlong kulay ng bell pepper at extra virgin olive oil, at deep-fried potato wedges para sa isang kumpletong lutong Kanluranin na pang-espesyal na okasyon.","2 kutsaritang chili powder, 1 kutsaritang ground cumin, 1 kutsaritang Spanish paprika, 1 kutsaritang pepper, 1 kutsaritang salt, 4 pcs. steak, 1 pc. red bell pepper malaki, 1 pc. green bell pepper malaki, 1 pc. yellow bell pepper malaki, 1/2 tasang extra virgin olive oil, 1 kutsarang dried thyme tinusta, asin at paminta pampalasa","Step 1: Sa isang mangkok, pagsamasamahin ang chili powder, cumin, paprika, garlic powder, asin, at paminta para gumawa ng spice rub.
Step 2: Ipahid ang spice rub sa bawat side ng steak magkabila. Siguraduhing pantay ang pagkahapid para maproseso ang lasa sa bawat bahagi ng karne.
Step 3: Ihawin ang steak sa katamtamang init ng apoy ng 4 minuto bawat side o hanggang maluto ayon sa kagustuhan.
Step 4: Para makagawa ng bell pepper salad, ihawin ang mga bell pepper sa mainit na apoy hanggang masunog ang balat.
Step 5: Palamigin ang inihaw na bell pepper sa isang mangkok na tinakpan ng plastic wrap para sumingaw at Easyng matanggal ang balat.
Step 6: Tanggalin ang balat ng bell pepper gamit ang kutsilyo. Alisin ang mga buto at hiwain nang pahaba.
Step 7: Lagyan ng thyme, extra virgin olive oil, asin, at paminta. Haluin nang maigi.
Step 8: Ihain ang steak kasama ng bell pepper salad at deep-fried potato wedges sa gilid.",Ulam / Steak,"Maanghang, Malasa, Maalat, Mabango",Calories: ~480 kcal | Protein: ~42g | Fat: ~28g | Carbs: ~6g | Sodium: ~520mg,15,20,4,Moderate,High Cost,"Steak, Beef, Spiced, Ihaw, Western, Malasa, Pampalasa","Tanghalian, Hapunan, Espesyal na Okasyon","Fancy, Romantic, Special occasion, Indulgent, Impressive",
,Binalot ng Santol,"Ang Binalot ng Santol ay isang natatanging Filipino na putahe na gumagamit ng santol bilang lalagyan at sangkap ng pagkain. Ang loob ng santol ay inaabot at ginagamit kasama ng ginisang giniling na karne, sweet peas, kasuy, at sibuyas bilang palaman. Ang lamukot ng santol ay nagdadagdag ng kakaibang matamis-asim na lasa sa palaman. Ito ay isang malikhaing paraan ng pagluluto na sinasamantala ang buong prutas at nagbibigay ng kakaibang presentasyon na tiyak na mapapansin sa mesa.","2 santol kainanman ang laki, 100g giniling na baboy o baka ginisa, 1/4 tasa sweet peas (puwedeng bitsuelas ginayat), 1 itlog binati, 1/2 sibuyas hiniwa, 1 butil ng bawang dinikdik, 1/4 tasa kasuy (puwedeng pili o garbansos), asin at paminta ayon sa panlasa, mantika pangginisa","Step 1: Hatiin ang santol pahalang. Alisin ang mga buto at bawasan ang ilalim ng santol para maging patag itong matatayo nang tuwid.
Step 2: Kunin ang lamukot ng mga buto ng santol gamit ang gunting o kutsara. Gawing parang lalagyan (relleno-style) ang bawat kalahati ng santol.
Step 3: Igisa ang bawang at sibuyas sa konting mantika sa kawali. Idagdag ang giniling na karne, asin, at paminta. Lutuin ng 1-2 minuto habang hinahalo.
Step 4: Idagdag ang sweet peas, ang lamukot ng santol, at ang kasuy saka haluin nang maigi para mapagsamahin ang lahat ng lasa.
Step 5: Punuin ang bawat kalahati ng santol ng ginisang palaman nang pantay at maayos.
Step 6: Idagdag ang binating itlog sa palaman para magsilbing pangdikit at dagdag na lasa.
Step 7: Sa isang kawali, ilagay ang mga napunan na santol at pakuluan sa kalamtamang init ng apoy ng 5-10 minuto hanggang maluto ang santol.
Step 8: Takpan ang kawali o kaserola at hayaang kumulo hanggang halos matuyo ang kaunting tubig. Ihain nang mainit.",Ulam / Lutong Gulay,"Matamis, Maasim, Malasa, Maalat",Calories: ~240 kcal | Protein: ~16g | Fat: ~12g | Carbs: ~18g | Sodium: ~420mg,20,25,4,Moderate,Low Cost,"Santol, Binalot, Filipino, Prutas, Stuffed, Giniling, Natatangi","Tanghalian, Hapunan","Curious, Adventurous, Creative cooking mood, Proud",
,Buffalo Chicken Wings,"Ang Buffalo Chicken Wings ay isang sikat na American-inspired na putahe na paboritong ihain bilang appetizer o pulutan. Ang mga pakpak ng manok ay pinahiran ng espesyal na timpla ng harina, chili powder, at paprika bago iprito hanggang maging ginto at malutong. Ang natatanging buffalo sauce na gawa sa butter at hot sauce ay ibinabagsak sa mga pritong pakpak para sa masarap na maanghang at matamis na coating. Perpekto para sa mga party at pagtitipon ng pamilya.","12 pcs. chicken wings, 1/2 kutsaritang chili powder, 1/2 kutsaritang asin, 1/3 tasang all purpose flour, 1/2 kutsaritang paprika, 5 kutsarang butter, 3 kutsaritang hot sauce, 1/8 kutsaritang dinurog na itim na paminta, 1/4 kutsaritang garlic powder, 4 tasang mantika","Step 1: Pagsamasamahin ang harina, chili powder, asin, at paprika sa isang mixing bowl. Paghaluin nang maigi para pantay ang timpla ng mga pampalasa.
Step 2: Ilagay ang mga chicken wings sa mixing bowl at lublob sa flour mixture hanggang magtakip nang buo ang bawat pakpak.
Step 3: Initin ang mantika sa kaserola sa katamtamang init ng apoy.
Step 4: I-deep fry ang mga chicken wings hanggang maging golden brown at malutong. Itabi sa paper towel para tumulo ang sobrang mantika.
Step 5: Itunaw ang butter sa isang hiwalay na kaserola sa mahinang apoy.
Step 6: Ilagay ang hot sauce, paminta, at garlic powder sa natunaw na butter. Haluin nang maigi hanggang maging pantay ang sauce.
Step 7: Ibuhos ang butter-hot sauce mixture sa mga pritong chicken wings. Ihalo nang maigi para maiktakip ang sauce sa bawat pakpak.
Step 8: Isalin sa pinggan at ihain habang mainit.",Ulam / Appetizer / Pulutan,"Maanghang, Maalat, Malasa, Malutong",Calories: ~420 kcal | Protein: ~26g | Fat: ~30g | Carbs: ~14g | Sodium: ~640mg,10,25,4,Easy,Medium Cost,"Buffalo Wings, Chicken, Fried, Maanghang, American, Pulutan, Party Food","Meryenda, Hapunan, Pulutan","Party mood, Bold, Excited, Sports night, Pulutan vibes",
,Chicken Gravy,"Ang Chicken Gravy ay isang malapot at masarap na sarsa na gawa sa butter, harina, at pinagsamang chicken at beef broth. Ang masarap na kombinasyon ng dalawang uri ng broth ay nagbibigay ng malalim at umami na lasa sa gravy. Ito ay perpektong isinasabaw sa pritong manok, mashed potato, o iba pang lutong karne. Easy itong gawin at nagdadagdag ng espesyal na lasa sa anumang simpleng ulam.","3 kutsarang butter, 5 kutsarang all-purpose flour, 1 pc. chicken cube, 1 pc. beef cube, 2 1/4 tasang tubig","Step 1: Lusawin ang beef cube at chicken cube sa 2 1/4 tasang tubig. Haluin hanggang matunaw nang buo. Itabi.
Step 2: Initin ang kaserola at ilagay ang butter. Bayaang malusaw ang butter sa mahinang apoy.
Step 3: Magdagdag ng 2 kutsarang harina at iluto sa mahinang apoy ng 7 hanggang 8 minuto o hanggang maging medium brown ang kulay ng harina. Maging maingat na huwag masunog.
Step 4: Idagdag ang natitirang harina at patuloy na haluin.
Step 5: Unti-unting idagdag ang chicken at beef broth habang hinahalo nang tuloy-tuloy. Kailangang patuloy na haluin para maiwasan ang pamumuo.
Step 6: Ilagay ang apoy sa medium at pabayaang kumulo ang mixture. Iluto ng 5 minuto habang hinahalo para lumapot ang gravy.
Step 7: Ihain kasama ang pinirituong manok o mashed potato.",Sarsa / Side Dish,"Maalat, Malasa, Umami, Creamy",Calories: ~120 kcal | Protein: ~4g | Fat: ~8g | Carbs: ~10g | Sodium: ~480mg,5,15,4,Easy,Low Cost,"Gravy, Sarsa, Chicken, Beef, Filipino, Side Dish, Sauce","Tanghalian, Hapunan, Side Dish","Comforted, Satisfied, Cozy, Simple pleasure",
,Buttered Chicken,"Ang Buttered Chicken ay isang simpleng ngunit masarap na putahe na ginagawa mula sa mga hiwa ng dibdib ng manok na pinahiran ng batter na gawa sa harina, itlog, at pampalasa, at pinrituhin sa kumukulong butter. Ang butter ang nagbibigay ng mayamang at mabangong lasa sa bawat subo. Masarap itong ihain kasama ng chicken gravy para sa mas kumpletong karanasan sa pagkain. Paboritong ulam ito ng mga bata at matatanda.","2 chicken breast na hiniwa-hiwa sa maliliit na bahagi, 1 kutsaritang paminta, 1 pc. itlog, 1 tasang butter, 1 tasang harina, 1 kutsaritang asin","
Step 1: Pagsamasamahin ang harina, itlog, paminta, at asin sa isang mangkok. Haluin nang maigi hanggang maging pantay at maayos na batter.
Step 2: Ito ang magsisilibing batter para sa manok.
Step 3: Paguluungin ang mga piraso ng chicken breast sa batter hanggang magsisibing fully-coated ang bawat piraso.
Step 4: Initin ang butter sa kaserola hanggang matunaw at magsimulang kumulo. Prituhin ang mga chicken breast sa kumukulong butter hanggang maging ginto at maluto.
Step 5: Hanguin ang buttered chicken mula sa kaserola at i-serve kasama ang chicken gravy.
",Ulam,"Maalat, Malasa, Mataba, Mabango",Calories: ~380 kcal | Protein: ~28g | Fat: ~22g | Carbs: ~18g | Sodium: ~560mg,10,20,40,Easy,Medium Cost,"Buttered Chicken, Manok, Fried, Filipino, Butter, Quick, Easy","Tanghalian, Hapunan","Happy, Simple satisfaction, Kids' favorite mood, Indulgent",
,Carbonara,"Ang Carbonara ay isang sikat na Italian-inspired na pasta dish na ginagawa mula sa spaghetti noodles, bacon, heavy whipping cream, itlog, at parmesan cheese. Ang creamy at mayamang sauce nito ay gawa sa pinagsamang nabating itlog, cream, at keso na nagbibigay ng makapal at masustansiyang coating sa bawat noodle. Ang pinirituong bacon ay nagdadagdag ng maalat at malutong na texture. Ito ay isa sa mga paboritong pasta ng mga Pilipino.","1 lb spaghetti noodles niluto ayon sa package instructions, 4 pcs. itlog binati, 3/4 tasa ng heavy whipping cream, 1/2 tasang parmesan cheese ginadgad, 2 kutsarang sibuyas hiniwa-hiwa nang maninipis, 4 cloves garlic tinadtad, 1/2 lb bacon hiniwa-hiwa, 4 kutsarang butter","Step 1: Pagsamasamahin ang nabating itlog, heavy whipping cream, at parmesan cheese sa isang mangkok. Haluin nang maigi hanggang pantay. Itabi.
Step 2: Iprito ang bacon sa kawali saka lagyan ng butter at bayaang matunaw. Itabi.
Step 3: Sa magkatulad na kawali o kaserola, igisa ang bawang at sibuyas hanggang mabango at bahagyang ginto.
Step 4: Idagdag ang cooked spaghetti noodles sa kawali at haluin.
Step 5: Ilagay ang binating heavy whipping cream-egg-parmesan cheese mixture sa noodles at haluing maigi. Iluto ng 1 hanggang 2 minuto sa mahinang apoy.
Step 6: Idagdag ang pinirituong bacon at ikalat nang pantay sa pasta.
Step 7: Isalin sa isang pinggan at ihain habang mainit.",Ulam / Pasta,"Creamy, Maalat, Malasa, Mataba",Calories: ~520 kcal | Protein: ~24g | Fat: ~28g | Carbs: ~48g | Sodium: ~720mg,15,25,4,Moderate,Medium Cost,"Carbonara, Pasta, Spaghetti, Italian, Bacon, Cream, Filipino","Tanghalian, Hapunan","Indulgent, Romantic, Cozy dinner, Treat yourself, Fancy mood",
,Filipino Spaghetti,"Ang Filipino Spaghetti ay ang paboritong bersyon ng spaghetti ng mga Pilipino na natatangi sa matamis na sarsa nito na gawa sa banana ketchup at tomato sauce. Hindi tulad ng tradisyonal na Italian spaghetti, ang Filipino Spaghetti ay may kasamang hotdog at giniling na karne na nagdadagdag ng sarap. Ang tamis ng banana ketchup at pulang asukal ay nagbibigay ng kakaibang Filipino twist sa klasikong pasta dish na ito. Laging presente sa mga kaarawan at handaan.","2 lbs spaghetti, 1 malaking botelya ng banana ketchup, 1 malaking lata ng tomato sauce, 1/2 tasang tomato paste (mga 4 na tasa), 1 kutsaritang bawang tinadtad, 1 1/2 lbs giniling na baboy o baka, 1/2 kutsaritang asukal, 4 pcs. hotdog hiniwa-hiwa nang pakuwadrado, 1 medium sized sibuyas hiniwa-hiwa nang pakuwadrado, 2 kutsarang asin, 36 ounces tubig (mga 1 litro), 4 kutsarang mantika, keso","Step 1: Sa isang malaking kaserola, ibuhos ang tubig at pabayaang kumulo. Iluto ang spaghetti noodles hanggang lumambot ayon sa package instructions. Itabi.
Step 2: Sa hiwalay na malaking kaserola, ibuhos ang mantika at initin. Igisa ang bawang at sibuyas hanggang mabango. Itabi.
Step 3: Idagdag ang giniling na karne at iluto ng 5 minuto hanggang maluto.
Step 4: Idagdag ang hotdog at lutuin ng 2 minuto.
Step 5: Ilagay ang tomato sauce, banana ketchup, tomato paste, at pulang asukal. Haluin nang maigi.
Step 6: Pakuluan sa mahinang apoy ng 15 hanggang 20 minuto hanggang lumapot ang sauce.
Step 7: Ilagay ang asin pampalasa at haluin.
Step 8: Ilagay ang sauce sa ibabaw ng noodles. Lagyan ng keso at ihain habang mainit.",Ulam / Pasta,"Matamis, Maalat, Malasa, Umami",Calories: ~480 kcal | Protein: ~22g | Fat: ~16g | Carbs: ~62g | Sodium: ~760mg,15,35,8,Easy,Medium Cost,"Spaghetti, Filipino, Pasta, Hotdog, Kaarawan, Matamis, Party Food","Tanghalian, Hapunan, Espesyal na Okasyon","Birthday nostalgia, Celebratory, Childhood happiness, Festive",
,Chicken Popcorn,"Ang Chicken Popcorn ay isang masarap at malutong na meryenda o ulam na ginagawa mula sa maliliit na piraso ng dibdib ng manok na pinahiran ng espesyal na fried chicken seasoning, harina, at dinurog na oatmeal. Ang oatmeal ang nagbibigay ng natatanging malutong at masustansiyang coating. Perpekto para sa mga bata at matatanda bilang meryenda o side dish. Easy at mabilis itong gawin at masarap ihain kasama ng dipping sauce.","2 whole chicken breasts hiniwa sa maliliit na bahagi, 1 1/2 tasang harina, 2 tasang oatmeal dinurog sa blender, 1/2 tasang fried chicken seasoning mix, 4 pcs. itlog binati, asin at paminta pampalasa, mantika na pangprito","Step 1: Pagsamasamahin ang fried chicken seasoning mix at harina sa isang mangkok. Haluin nang maigi.
Step 2: Lublob ang bawat piraso ng manok sa binating itlog saka pagulungin sa harina-seasoning mixture para matakpan nang buo.
Step 3: Pagulungin muli ang chicken sa dinurog na oatmeal para sa karagdagang malutong na coating.
Step 4: I-deep fry ang mga chicken pieces sa mainit na mantika hanggang maging golden brown at maluto.
Step 5: Hanguin at ilagay sa paper towel para tumulo ang sobrang mantika. Ihain kasama ng fresh salad at paboritong salad dressing. Puwede ring ihain para sa mga bata.",Meryenda / Ulam,"Maalat, Malasa, Malutong",Calories: ~340 kcal | Protein: ~26g | Fat: ~16g | Carbs: ~24g | Sodium: ~580mg,15,20,4,Easy,Medium Cost,"Chicken Popcorn, Manok, Fried, Meryenda, Kids Food, Oatmeal, Malutong","Meryenda, Tanghalian, Hapunan","Snacky, Playful, Fun, Kids' excitement, Party mood",
,KFC Style Fried Chicken,"Ang KFC Style Fried Chicken ay isang sikat na copycat recipe ng world-famous na fried chicken na ginagawa mula sa buong manok na pinahiran ng batter na gawa sa harina, gatas, itlog, at iba't ibang pampalasa tulad ng garlic powder, paprika, at paminta. Ang makapal na batter ang nagbibigay ng natatanging malutong na coating na katulad ng sikat na fast food chain. Masarap itong ihain kasama ng mashed potato at gravy para sa kumpletong fast-food-style na karanasan sa bahay.","isang buong manok, 1 itlog, 1 tasang gatas, 2 tasang harina, 2 kutsaritang paminta, 3 kutsaritang asin, 4 kutsaritang garlic powder, 3 kutsaritang paprika, mantika para pangprito","Step 1: Hiwain ang manok ayon sa standard size o gustong laki ng piraso.
Step 2: Pagsamasamahin ang lahat ng sangkap maliban sa mantika — harina, itlog, gatas, paminta, asin, garlic powder, at paprika. Haluin nang maigi. Ito ang magsisilibing batter.
Step 3: I-coat nang maigi ang mga piraso ng manok sa batter. Siguraduhing natakpan ang bawat bahagi ng manok.
Step 4: Iprito isa-isa ang mga parte ng manok sa mainit na mantika hanggang maging golden brown at maluto ang loob.",Ulam / Pritong Manok,"Maalat, Malasa, Malutong, Mabango",Calories: ~420 kcal | Protein: ~32g | Fat: ~24g | Carbs: ~20g | Sodium: ~680mg,15,25,4,Easy,Medium Cost,"KFC, Fried Chicken, Manok, Copycat, Filipino, Malutong, Fast Food","Tanghalian, Hapunan","Craving satisfaction, Indulgent, Excited, Fast-food nostalgia",
,Max's Style Fried Chicken,Ang Max's Style Fried Chicken ay isang sikat na copycat recipe ng paboritong fried chicken ng mga Pilipino mula sa bantog na Max's Restaurant. Ang lihim ng sarap nito ay ang pagpapasingaw ng manok bago iprito — ang prosesong ito ay nagpapalambot ng karne at nagpapanatili ng katas nito. Ang dahon ng laurel at cilantro sa tubig ng singaw ay nagdadagdag ng mabangong lasa sa manok bago ito iprito hanggang maging ginto at malutong. Masarap ihain kasama ng piniritong kamote.,"1 buong manok, 6 pcs. dahon ng laurel, 1/4 tasang tinadtad na cilantro o parsley, 4 tasang tubig, 3 tasang mantika, 2 kutsaritang asin, 1 kutsaritang dinurog na itim na paminta","Step 1: Sa isang steamer, ibuhos ang tubig at pabayaang kumulo.
Step 2: Idagdag ang dahon ng laurel at tinadtad na cilantro sa kumukulong tubig para magbigay ng mabangong lasa sa singaw.
Step 3: Pasingawan ang buong manok ng 45 minuto hanggang maluto nang buo.
Step 4: Tanggalin ang manok sa steamer at pabayaang tumulo ang sobrang sabaw. Pabayaang lumamig ang manok.
Step 5: Ipahid ang asin at dinurog na paminta sa buong manok para sa dagdag na lasa.
Step 6: Sa isang deep-fryer o malaking kaserola, ibuhos ang mantika at painitin sa katamtamang init ng apoy.
Step 7: Kapag mainit na ang mantika, i-deep fry ang manok ng 12 minuto. Kung hindi lubog nang buo ang manok sa mantika, balibaligtarin ito hanggang maging golden brown ang kulay ng lahat ng bahagi.
Step 8: Tanggalin ang manok sa fryer at bayaang tumulo ang sobrang mantika.
Step 9: Ihain nang mainit kasama ang piniritong kamote.",Ulam / Pritong Manok,"Maalat, Malasa, Malutong, Mabango",Calories: ~450 kcal | Protein: ~36g | Fat: ~28g | Carbs: ~4g | Sodium: ~620mg,15,60,6,Moderate,Medium Cost,"Max's Chicken, Fried Chicken, Manok, Copycat, Filipino, Steamed, Malutong",Mashed Potato,"Nostalgic, Celebratory, Family reunion, Happy",
,Mashed Potato,"Ang Mashed Potato ay isang klasikong side dish na ginagawa mula sa pinakuluang patatas na dinurog at hinaluan ng butter o margarine at gatas evaporada. Ang resulta ay isang malambot, creamy, at masarap na side dish na perpektong isama sa pritong manok, steak, o anumang pangunahing ulam. Easy at mabilis itong gawin at palaging paboritong kasamahan ng iba't ibang klase ng karne at gravy.","1 tasang nilagang patatas, 1 kutsarang butter o margarine, 1/4 tasang gatas evaporada, asin at paminta","Step 1: Durugin ang nilagang patatas sa isang malaking mangkok gamit ang potato masher o tinidor hanggang magiging maayos at walang bukol.
Step 2: Idagdag ang butter o margarine sa dinurog na patatas at haluin habang mainit para matunaw ang butter nang buo.
Step 3: Ibuhos ang gatas evaporada nang unti-unti at haluing maigi. Magdagdag ng gatas ayon sa lapot na gusto.
Step 4: Timplahan ng asin at paminta ayon sa panlasa. Haluin muli.
Step 5: Ihain kasama ang pinirituong manok o inihaw na steak at gravy.",Side Dish,"Creamy, Maalat, Malasa, Mataba",Calories: ~180 kcal | Protein: ~4g | Fat: ~8g | Carbs: ~24g | Sodium: ~320mg,5,10,2,Easy,Low Cost,"Mashed Potato, Side Dish, Patatas, Creamy, Filipino, Quick, Easy","Tanghalian, Hapunan, Side Dish","Comforted, Cozy, Simple satisfaction, Paired happiness",
,Morcon,"Ang Morcon ay isang espesyal na Filipino na putahe na ginagawa mula sa flank steak na pinapuno ng hotdog, karot, keso, itlog, at pickled cucumber, pagkatapos ay inirolyuhan at tinalian bago iprito at ipakuluan sa beef broth. Ang bawat hiwa ng Morcon ay nagpapakita ng maganda at makulay na palaman sa loob. Ang sawsawan na gawa sa toyo at lemon ay nagdadagdag ng maasim at maalat na lasa. Madalas itong inihahain sa mga espesyal na okasyon tulad ng Pasko at Bagong Taon.","2 lbs flank steak (3/4 inch thick ang bawat piraso), 2 pcs. beef cubes na nilusaw sa 3 tasang kumukulong tubig (beef stock/broth), 1/4 kutsaritang asin, 1 pc. lemon, 1/2 tasang toyo, 1 pc. medium sized carrot hiniwa-hiwa nang pahaba, 1/2 tasang harina, 1/2 tasang mantika, 4 pcs. hotdogs hiniwa nang 2 parte at pahaba, 2 pcs. sweet pickled cucumber hiniwa sa 4 equal pieces at pahaba, 3 pcs. nilagang itlog hiniwa-hiwa, 3 ounces keso hiniwa-hiwa nang pahaba (mga 1/2 inch thick)","Step 1: Ibabad ang flank steak sa toyo at lemon juice ng mga 1 oras para lumambot at sumipsip ng lasa ang karne.
Step 2: Ilagay ang baka sa malinis na mesa at ayusin ang hotdogs, pickle, carrot, keso, at itlog sa magkabilang dulo ng karne nang pantay at maayos.
Step 3: Irolyo ang baka nang mahigpit para maisara ang palaman. Talian ang morcon gamit ang cooking string para makasiguro na hindi ito bubukas habang niluluto.
Step 4: Ilagay ang mantika sa kaserola at painitin sa katamtamang init ng apoy.
Step 5: Pagulungin ang nirolyong baka sa harina at iprito hanggang maging medium brown ang labas na bahagi para mapirmihan ang hugis.
Step 6: Isalin ang napritong narolyong baka sa isang kaserola at ibuhos ang beef broth saka pabayaang kumulo.
Step 7: Ibuhos ang kalahati ng soy sauce-lemon juice marinade at asin saka pakuluan hanggang lumambot ang baka (mga 2 oras gamit ang ordinaryong kaserola o 30 minuto kung pressure cooker).
Step 8: (Optional) Maaari ring prituhin muli ang karne ng mga 2 minuto para mas gumanda ang kulay.
Step 9: Tanggalin ang tali at hiwain ayon sa kayang kainin ng tao.
Step 10: Ilagay sa plato at idagdag ang sawsawan. Ihain habang mainit.",Ulam / Espesyal na Putahe,"Maalat, Maasim, Malasa, Mataba",Calories: ~520 kcal | Protein: ~38g | Fat: ~30g | Carbs: ~16g | Sodium: ~780mg,20,130,4,Difficult,High Cost,"Morcon, Beef, Rolled Beef, Filipino, Espesyal, Pasko, Kaarawan","Tanghalian, Hapunan, Espesyal na Okasyon","Festive, Christmas mood, Proud, Celebratory, Special occasion",
,Daing,Ang Daing ay isang tradisyonal na paraan ng pag-preserve ng isda sa Pilipinas sa pamamagitan ng pagbabad sa brine solution at pagpapatuyo sa araw. Ang prosesong ito ay nagpapatagal ng buhay ng isda at nagbibigay ng natatanging maalat at matibay na lasa na hindi mo mahahanap sa sariwang isda. Ang Daing ay isa sa mga pinakasikat na produkto ng mga mangingisda sa buong Pilipinas at isang mahusay na negosyo dahil sa matagal na shelf life nito. Ihain ito kasama ng kanin at suka para sa isang simpleng ngunit napaka-masarap na almusal o ulam.,"Sariwang Galunggong 60 kilos, asin 6.5 kilos (sa bawat 60 kilos ng isda), tubig","Step 1: Hugasan ang galunggong gamit ang malinis na tubig. Muling hugasan ang isda.
Step 2: Ilagay ang isda sa strainer at salain.
Step 3: Hiwain ang isda na parang butterfly at tanggalin ang hasang at lamang-loob.
Step 4: Ihanda ang brine solution (i.e. pinaghalong tubig at asin). Sa bawat 60-kg kilos ng asin, ang katumbas ay 5 gallons ng tubig.
Step 5: Ilubog ang isda sa brine solution ng 1 oras.
Step 6: Isalin ang naasinan isda.
Step 7: Banlawan ang isda nang maigi sa tubig para matanggal ang sobrang asin.
Step 8: Ipatag o ilagay ang isda sa wire screen mesh. Huwag ilagay ang isda sa ibabaw ng bawat isa para pantay na matuyo ang mga isda.
Step 9: Takpan ang isda gamit ang isa pang bahagi ng screen mesh para protektahan ang isda mula sa langaw at insekto.
Step 10: Ipatuyo ang isda sa ilalim ng araw ng 2 hanggang 3 araw habang hindi makontaminado.
Step 11: Pagkataraang matuyo ng 2 araw, bayaang lumamig ang isda ng 6 oras sa room temperature.
Step 12: Timbangin, i-pack, selyaduhan at iimbak ang dried fish at room temperature.",Preserved Fish / Processed Food,"Maalat, Matibay ang Lasa, Malutong kapag Pritong",Calories: ~180 kcal | Protein: ~30g | Fat: ~6g | Carbs: ~0g | Sodium: ~1200mg,60,4320,20,Moderate,High Cost,"Daing, Isda, Preserved Fish, Filipino, Negosyo, Almusal, Tradisyonal","Almusal, Tanghalian","Nostalgic, Simple morning joy, Frugal but happy, Humble",
,Homemade Dried Mangoes,"Ang Homemade Dried Mangoes ay isa sa mga pinakasikat na pasalubong at exported na produkto ng Pilipinas. Kilala ang Pilipinas sa buong mundo sa napaka-masarap na dried mangoes nito lalo na ang galing Cebu. Ang simpleng paraan ng paggawa nito sa bahay ay nagbibigay ng pagkakataon para kumita nang malaki sa napakamaliit na puhunan. Maaaring gamitin ang hinog, hilaw, o Indian mangga depende sa gusto mong lasa. Ang microwave method ay nagbibigay ng mabilis at Easyng paraan ng pag-dehydrate ng mangga nang walang karagdagang gamit.","Mangga (hinog, hilaw, o Indian)","Step 1: Balatan ang mangga at hiwain nang maninipis para makamit ang pinaka-magaan at malutong na dried mango.
Step 2: Ilagay isa-isa sa tray o microwavable tray at lutuin sa microwave hanggang maging brown ang kulay ng mangga.",Processed Food / Meryenda / Pasalubong,"Matamis, Maasim, Natural na Lasa ng Mangga",Calories: ~320 kcal | Protein: ~3g | Fat: ~1g | Carbs: ~78g | Sugar: ~66g,20,30,8,Easy,Low Cost,"Dried Mango, Mangga, Filipino, Pasalubong, Negosyo, Meryenda, Export",Meryenda,"Nostalgic, Snacky, Proud (Filipino product pride), Pasalubong joy",
,Tuyo,Ang Tuyo ay isa sa mga pinaka-pamilyar at pinaka-imahe ng almusal ng mga Pilipino. Ito ay ginagawa mula sa sariwang Tunsoy fish na inasnan at pinatuyo sa araw para makamit ang napaka-maalat at matibay na lasa. Ang tuyo ay maaaring itago nang matagal nang hindi nasisira dahil sa mataas na asin content nito. Ang amoy ng pritong tuyo ay isa sa mga pinakakilalang aroma sa buong Pilipinas na nagpapaalala ng mainit na almusal kasama ang kanin at suka. Ito ay isang napaka-sulit na produkto para ibenta at may mataas na demand sa lahat ng uri ng tao.,"Sariwang Tunsoy fish 60 kilos, asin 6.5 kilos (sa bawat 60 kilos ng isda)","Step 1: Hugasan ang Tunsoy nang maigi at ilagay sa strainer at salain ng 20 minuto.
Step 2: Ihanda ang brine solution (i.e. pinaghalong tubig at asin). Sa bawat 60-kg ng isda gumamit ng 6.5 kilos ng asin at 5 gallons ng tubig.
Step 3: Banlawan ang isda at ilagay sa brine solution ng 3 oras.
Step 4: Isalin ang isda sa brine solution, gumamit ng strainer para masala.
Step 5: Ilagay ang isda isa-isa sa 6-cm wire screen para maprotektahan sa langaw.
Step 6: Ilagay ang masinang isda sa ilalim ng araw para matuyo nang maayos.
Step 7: Takpan ang isda nang isda sa pang bahagi ng wire screen mesh.
Step 8: Ipatuyo ang isda sa ilalim ng araw ng 2 hanggang 3 araw depende sa laki ng isda.
Step 9: Bali-baligtarin ang isda araw ng araw, 3 hanggang 4 na oras sa umaga para hindi masyadong matuyo at malambot naman ang pagkatapos matuyo ang isda.
Step 10: Timbangin, i-pack, selyaduhan at iimbak ang dried fish at room temperature.",Preserved Fish / Processed Food,"Napaka-Maalat, Matibay ang Lasa, Malutong kapag Pritong",Calories: ~200 kcal | Protein: ~32g | Fat: ~8g | Carbs: ~0g | Sodium: ~1500mg,30,4320,20,Moderate,High Cost,"Tuyo, Isda, Preserved Fish, Filipino, Almusal, Negosyo, Tradisyonal","Almusal, Tanghalian","Nostalgic, Morning comfort, Simple living, Humble, Homesick",
,Pork Estofado,"Isang klasikong putaheng may impluwensyang Kastila na kilala sa balanseng timpla ng alat, asim, at tamis. Ang karne ng baboy ay dahan-dahang pinalalambot sa sarsa, habang ang pritong saging na saba ay nagbibigay ng natural na tamis at kakaibang texture na nagpapakapot sa sarsa.","1 kg pork chunks, 1/2 cup soy sauce, 1/4 cup vinegar, 1/2 cup sugar, 4 pcs fried saging na saba, 1 cup pineapple juice, laurel leaves, peppercorns.","Step 1: Iprito ang saging na saba hanggang maging golden brown; itabi.

Step 2: Sa isang kawali, igisa ang bawang at sibuyas.

Step 3: Idagdag ang baboy at lutuin hanggang maging brown ang labas.

Step 4: Ibuhos ang toyo, suka, at pineapple juice.

Step 5: Pakuluan sa mahinang apoy hanggang lumambot ang karne.

Step 6: Idagdag ang asukal at ang pritong saging bago hanguin.",Ulam (Main Dish),"Matamis, Maalat",Calories: ~480 kcal | Protein: ~22g | Fat: ~30g | Carbohydrates: ~25g | Sodium: ~780mg,15,45,6,Easy,Medium Cost,"Pork, Estofado, Filipino, Ulam","Tanghalian, Hapunan","Comforted, Nostalgic, Family meal happiness, Cozy",
,Ginataang Bilo-Bilo,"Isang tradisyunal at makulay na meryenda na paboritong ihain tuwing hapon. Binubuo ito ng maliliit at chewy na bola-bola na gawa sa malagkit na bigas, kasama ang iba't ibang lamang-lupa gaya ng kamote, saging, at mabangong langka na niluto sa purong gata ng niyog.","2 cups glutinous rice flour, 1/2 cup water, 3 cups coconut milk, 1 cup sugar, 1 cup sago, camote, saging na saba, langka.","Step 1: Paghaluin ang glutinous rice flour at tubig para makabuo ng maliliit na bola.

Step 2: Pakuluan ang gata ng niyog sa isang malaking kaserola.

Step 3: Idagdag ang hiniwang camote at saging na saba.

Step 4: Ihulog ang mga bilo-bilo (bola-bola) kapag kumukulo na ang gata.

Step 5: Idagdag ang asukal, langka, at nilutong sago.

Step 6: Lutuin hanggang lumutang ang mga bilo-bilo at malapot na ang sarsa.",Meryenda / Dessert,"Matamis, Creamy",Calories: ~320 kcal | Fat: ~12g | Carbohydrates: ~52g | Sugar: ~28g | Sodium: ~40mg,30,30,8,Moderate,Low Cost,"Kakanin, Gata, Bilo-Bilo, Filipino",Meryenda,"Rainy afternoon, Cozy, Nostalgic, Sweet craving, Comforted",
,Arroz Caldo,"Ang ""comfort food"" ng mga Pilipino na gawa sa malagkit na bigas na niluto sa maraming luya at manok. Kilala sa madilaw nitong kulay dahil sa kasubha, ang putaheng ito ay hindi lamang masarap kundi nakapagbibigay din ng init sa katawan lalo na sa mga maysakit o kapag malamig ang panahon.","1 kg chicken, 2 cups rice, 1 head garlic (fried), 2 knobs ginger, 1 onion, 8 cups water, fish sauce, saffron/kasubha.","Step 1: Igisa ang luya, sibuyas, at bawang sa isang kaserola.

Step 2: Idagdag ang manok at lutuin hanggang bahagyang mag-brown.

Step 3: Ihalo ang bigas at lagyan ng patis.

Step 4: Ibuhos ang tubig at pakuluan sa mahinang apoy hanggang lumambot ang bigas.

Step 5: Lagyan ng kasubha para sa kulay.

Step 6: Ihain na may kasamang pritong bawang, itlog, at spring onions sa ibabaw.",Sopas / Rice Dish,"Maalat, Malinamnam",Calories: ~310 kcal | Protein: ~18g | Fat: ~8g | Carbohydrates: ~40g | Sodium: ~540mg,10,40,6,Easy,Medium Cost,"Lugaw, Chicken, Filipino, Almusal","Almusal, Meryenda","Sick, Cold weather, Comforted, Nostalgic, Needing care",
,Lumpia Shanghai,"Itinuturing na ""party staple"" sa Pilipinas, ito ay piniritong giniling na baboy na may mga pampalasa na binalot sa maninipis na wrapper. Ang bawat kagat ay nagbibigay ng kakaibang lutong sa labas at malinamnam na lasa sa loob na paborito ng mga bata at matatanda.","500g ground pork, 1 minced carrot, 1 minced onion, 1 egg, salt, pepper, lumpia wrappers, cooking oil.","Step 1: Paghaluin ang giniling na baboy, carrots, sibuyas, itlog, asin, at paminta sa isang mangkok.

Step 2: Kumuha ng isang kutsarang mixture at ilagay sa gitna ng wrapper.

Step 3: I-roll nang mahigpit at gumamit ng tubig para selyuhan ang dulo.

Step 4: Ulitin hanggang maubos ang mixture.

Step 5: I-deep fry sa mainit na mantika hanggang maging golden brown at malutong.

Step 6: Patiktikin ang mantika bago ihain kasama ang sweet chili sauce.",Appetizer / Ulam,"Malutong, Maalat",Calories: ~240 kcal | Protein: ~12g | Fat: ~15g | Carbohydrates: ~12g | Sodium: ~350mg,30,15,8,Moderate,Medium Cost,"Pork, Fried, Handaan, Filipino","Tanghalian, Hapunan, Pulutan","Party mood, Celebratory, Childhood joy, Excited, Festive",
,Puto Maya,"Isang tanyag na kakanin mula sa Cebu na gawa sa malagkit na bigas, gata, at sariwang juice ng luya. Ang luya ay nagbibigay ng kakaibang sipa sa lasa na bumabalanse sa creaminess ng gata. Karaniwan itong hinuhulma nang pabilog at inihahain kasama ang matamis na manggang hinog.","2 cups glutinous rice, 1 1/2 cups coconut milk, 2 tbsp ginger juice, sugar, salt, banana leaves.","Step 1: Ibabad ang malagkit na bigas sa tubig ng isang oras at salain.

Step 2: Paghaluin ang gata, juice ng luya, asukal, at asin.

Step 3: I-steam ang malagkit ng 15 minuto.

Step 4: Ibuhos ang gata mixture sa malagkit at haluin nang maigi.

Step 5: I-steam muli ng 20-30 minuto hanggang maluto nang husto ang bigas.

Step 6: Ibalot sa dahon ng saging at ihain kasama ang sariwang mangga.",Kakanin / Almusal,"Creamy, Sweet, Gingery",Calories: ~290 kcal | Carbohydrates: ~55g | Fat: ~7g | Protein: ~4g | Sodium: ~110mg,60,45,4,Moderate,Low Cost,"Cebuano, Malagkit, Mango, Filipino","Almusal, Meryenda","Nostalgic (Cebuano pride), Morning happiness, Simple joy, Proud",
,Tortang Talong,"Ang paboritong almusal ng marami na gawa sa inihaw na talong na binalot sa binating itlog. Ang pag-ihaw sa talong ay nagbibigay ng kakaibang ""smoky"" flavor na lalong sumasarap kapag pinirito kasama ang malinamnam na itlog, na nagreresulta sa isang ulam na simple pero napakabubusog.","4 malalaking talong, 3 itlog, asin, paminta, mantika.","1. Ihawin ang bawat talong sa ibabaw ng apoy ng kalan o sa uling hanggang sa maging sunog at kulubot na ang balat nito.

2. Hayaan itong lumamig nang bahagya, pagkatapos ay dahan-dahang balatan ang talong habang pinananatili ang tangkay (stem) nito.

3. Ipatong ang binalatang talong sa isang plato at dahan-dahang pitpitin ang laman gamit ang tinidor hanggang sa maging malapad ito.

4. Sa isang mangkok, batihin ang mga itlog at timplahan ng sapat na asin at paminta para sa lasa.

5. Isawsaw nang maigi ang bawat talong sa binating itlog hanggang sa mabalot ang buong laman nito.

6. Iprito sa mainit na mantika sa katamtamang apoy. Ibuhos ang natitirang itlog sa ibabaw habang nagpiprito, at baligtarin hanggang maging golden brown ang magkabilang panig bago hanguin.",Ulam (Vegetable),"Savory, Smoky",Calories: ~150 kcal | Protein: ~9g | Fat: ~10g | Carbohydrates: ~8g | Sodium: ~220mg,10,15,4,Easy,Low Cost,"Eggplant, Egg, Healthy, Filipino","Almusal, Tanghalian","Simple satisfaction, Humble, Budget day contentment, Nostalgic",
,Pork Tapa,"Isang klasikong bahagi ng ""Silog"" breakfast na gawa sa maninipis na hiwa ng baboy na sumailalim sa proseso ng ""curing."" Ang timpla nito ay isang masarap na balanse ng alat mula sa toyo, asim ng kalamansi, at anghang ng bawang, na nagreresulta sa malambot at tustadong karne pagkatapos lutuin.","500g pork strips, 1/4 cup toyo, 3 tbsp juice ng kalamansi, 5 butil ng bawang, 1 tbsp asukal, paminta.","1. Sa isang malinis na mangkok, paghaluin ang toyo, kalamansi juice, tinadtad na bawang, asukal, at durog na paminta upang makabuo ng marinade.

2. Ilagay ang mga hiwa ng baboy sa marinade at siguraduhing balot na balot ang bawat piraso. Hayaan itong magbabad sa loob ng refrigerator nang magdamag o hindi bababa sa 3 oras.

3. Mag-init ng kaunting mantika sa isang kawali sa katamtamang apoy.

4. Iprito ang pork tapa nang dahan-dahan. Hayaan itong maluto sa sarili nitong katas hanggang sa matuyo ang likido.

5. Kapag tuyo na, hayaan itong maprito sa sariling mantika hanggang sa maging bahagyang tustado at ""caramelized"" ang labas ng karne.

6. Ihain nang mainit kasama ang sinangag, itlog, at atchara para sa isang kumpletong Tapsilog experience.",Almusal / Ulam,"Maalat, Maasim, Matamis",Calories: ~280 kcal | Protein: ~24g | Fat: ~18g | Carbohydrates: ~5g | Sodium: ~610mg,180,10,4,Easy,Medium Cost,"Pork, Tapa, Tapsilog, Filipino","Almusal, Tanghalian","Hungry morning, Energized, Nostalgic (tapsilog love), Weekend breakfast joy",
,Espasol,"Isang tanyag na kakanin mula sa Laguna na kilala sa cylindrical na hugis nito. Ito ay gawa sa nilutong malagkit na harina sa gata at asukal, at may natatanging texture dahil sa pagkakabalot nito sa madaming toasted rice flour na nagbibigay ng ""nutty"" at smoky na aroma.","2 cups toasted rice flour, 1 cup gata, 1 cup asukal, 1/2 cup gadgad na niyog, vanilla essence.","1. Mag-init ng kawali at i-toast ang rice flour hanggang sa maging bahagyang brown at mabango ang amoy nito. Itabi ang 1/2 cup para sa huling bahagi.

2. Sa isang malalim na kawali, pakuluan ang gata ng niyog kasama ang asukal. Haluin nang maigi hanggang sa tuluyang matunaw ang asukal.

3. Idagdag ang gadgad na niyog at isang patak ng vanilla essence para sa dagdag na bango.

4. Unti-unting ibuhos ang 1 1/2 cups ng toasted rice flour habang patuloy na hinahalo nang mabilis upang hindi mamuo ang harina.

5. Haluin ang mixture hanggang sa maging napakalapot, dikit-dikit, at mahirap na itong galawin (mga 10-15 minuto).

6. Ilipat ang mixture sa isang mesa o board na binudburan ng natitirang toasted flour. I-roll ito sa mahahabang cylinders, hiwain sa tamang laki, at budburan muli ng harina bago balutin.",Kakanin / Meryenda,"Nutty, Sweet",Calories: ~160 kcal | Carbohydrates: ~34g | Fat: ~3g | Sugar: ~18g | Sodium: ~25mg,15,25,10,Moderate,Low Cost,"Laguna, Espasol, Toasted Flour, Filipino",Meryenda,"Nostalgic (Laguna pride), Pasalubong happiness, Proud, Simple joy",
,Ginataang Kalabasa at Sitaw,"Isang masustansyang putaheng Pinoy na nagpapakita ng tamis ng kalabasa at lutong ng sitaw. Ang sikreto ng ulam na ito ay ang malapot na gata na may kasamang bagoong alamang at hipon, na nagbibigay ng ""umami"" flavor na swak na swak sa mainit na kanin.","500g kalabasa, 1 bundle sitaw, 2 cups gata, 150g hipon o baboy, bagoong alamang, sili.","1. Sa isang kawali, igisa ang bawang, sibuyas, at luya hanggang lumabas ang bango. Idagdag ang hipon o baboy at lutuin hanggang magbago ang kulay.

2. Ibuhos ang pangalawang piga ng gata (o 1 1/2 cups ng gata) at hayaang kumulo sa katamtamang apoy.

3. Ilagay ang mga hiwa ng kalabasa. Takpan ang kawali at lutuin hanggang sa magsimula nang lumambot ang kalabasa at maging malapot ang sabaw.

4. Idagdag ang sitaw at sili. Timplahan ng sapat na dami ng bagoong alamang ayon sa iyong panlasa.

5. Ibuhos ang natitirang malapot na gata (kakang gata) at hayaang kumulo nang dahan-dahan nang walang takip.

6. Lutuin pa ng ilang minuto hanggang sa magmantika ang gata at sapat na ang lambot ng mga gulay bago hanguin.",Ulam (Vegetable),"Creamy, Savory",Calories: ~210 kcal | Protein: ~12g | Fat: ~14g | Carbohydrates: ~12g | Sodium: ~450mg,15,20,4,Easy,Medium Cost,"Ginataang Gulay, Kalabasa, Filipino","Tanghalian, Hapunan","Humble, Simple living, Health-conscious, Nostalgic",
,Carioca,Isang tanyag na street food na gawa sa malagkit na bola-bola na pinirito hanggang lumutong ang labas habang nananatiling malambot at chewy ang loob. Ang huling touch ng mainit na asukal na caramel glaze ay nagbibigay ng kinang at tamis na nagpapa-espesyal dito.,"2 cups glutinous rice flour, 1 cup gata, 1/2 cup asukal, 1/2 cup gadgad na niyog, bamboo sticks.","1. Sa isang mangkok, paghaluin ang glutinous rice flour, gadgad na niyog, at gata. Masahin ito nang maigi hanggang sa makabuo ng isang smooth na dough.

2. Kumuha ng maliit na piraso ng dough at bilugin ito gamit ang mga palad sa sukat na parang bola ng ping-pong.

3. Mag-init ng maraming mantika sa kawali (deep frying) at iprito ang mga bola hanggang sa lumutang ang mga ito at maging golden brown ang kulay.

4. Sa isang hiwalay na kawali, tunawin ang asukal sa kaunting tubig hanggang sa maging malapot at kulay amber na caramel.

5. Ihulog ang mga piniritong bola sa caramel glaze at haluin nang mabilis upang mabalot nang pantay ang bawat isa.

6. Itusok ang tig-dalawa o tatlong bola sa bamboo sticks habang mainit pa at hayaang tumigas ang asukal bago kainin.",Meryenda / Street Food,"Matamis, Malagkit",Calories: ~190 kcal | Carbohydrates: ~38g | Fat: ~4g | Sugar: ~22g | Sodium: ~15mg,20,15,5,Easy,Low Cost,"Sweet, Fried, Street Food, Filipino",Meryenda,"Street food happiness, Nostalgic, Playful, Sweet craving",
,Ensaymada,"Isang marangyang tinapay na Pilipino na may impluwensyang Espanyol. Kilala ito sa pagiging napakalambot (brioche-style) at sa paggamit ng maraming butter, asukal, at gadgad na keso sa ibabaw na nagbibigay ng perpektong kombinasyon ng tamis at alat.","4 cups flour, 1/2 cup butter, 1/2 cup sugar, 3 egg yolks, yeast, gatas, gadgad na keso.","1. Paghaluin ang yeast, maligamgam na gatas, at kaunting asukal; hayaang bumula. Sa isang mangkok, pagsamahin ang harina, itlog, at ang yeast mixture para makabuo ng dough.

2. Imasa ang dough nang maigi at dahan-dahang ihalo ang butter hanggang maging elastic at smooth. Hayaan itong umalsa sa loob ng isang oras o hanggang mag-double ang laki.

3. Hiwain ang dough sa maliliit na bahagi, i-roll nang pahaba, at i-spiral ang hugis sa loob ng mga ensaymada molders.

4. Hayaan muli itong umalsa ng 30 minuto bago i-bake sa preheated oven (180°C) sa loob ng 15-20 minuto.

5. Kapag luto na at medyo malamig na, pahiran ang ibabaw ng pinalambot na butter at isawsaw o budburan ng puting asukal.

6. Tapusin sa pamamagitan ng paglalagay ng napakaraming gadgad na keso (o queso de bola para sa espesyal na okasyon) sa ibabaw.",Bread / Meryenda,"Sweet, Cheesy",Calories: ~340 kcal | Fat: ~16g | Carbohydrates: ~42g | Sugar: ~18g | Sodium: ~310mg,90,20,12,Difficult,Medium Cost,"Bread, Cheese, Filipino, Snack","Almusal, Meryenda","Festive, Christmas mood, Indulgent, Morning happiness, Cozy",
,Tuna Salpicao,"Isang mabilis at modernong bersyon ng Salpicao na gumagamit ng sariwang tuna sa halip na baka. Ang bida rito ay ang napakaraming pritong bawang na hinalo sa malinamnam na Worcestershire sauce, na nagbibigay ng ""gourmet"" na lasa sa loob lamang ng ilang minutong pagluluto.","500g tuna steak (cubed), 2 heads garlic, butter, olive oil, Worcestershire sauce, asin, paminta.","1. Timplahan ang mga hiwa ng tuna ng asin at dinurog na paminta. Siguraduhing tuyo ang tuna bago timplahan.

2. Mag-init ng olive oil sa kawali at iprito ang tinadtad na bawang hanggang sa maging golden brown at napakalutong. Alisin ang bawang at itabi.

3. Sa parehong kawali, lakasan ang apoy at mabilis na igisa ang tuna cubes. Huwag itong lulutuin nang matagal (medium rare is best) para manatiling juicy.

4. Idagdag ang butter at ibuhos ang Worcestershire sauce. Haluin nang mabilis upang mabalot ang tuna ng sarsa.

5. Ibalik ang kalahati ng pritong bawang sa kawali at haluin nang isang beses bago patayin ang apoy.

6. Ilipat sa plato at budburan ang ibabaw ng natitirang malutong na bawang bilang topping.",Ulam (Seafood),"Garlicky, Savory",Calories: ~230 kcal | Protein: ~26g | Fat: ~12g | Carbohydrates: ~5g | Sodium: ~420mg,10,10,3,Easy,Medium Cost,"Tuna, Garlic, Salpicao, Filipino","Tanghalian, Hapunan","Impressed, Quick dinner satisfaction, Feeling gourmet, Energized",
,Kutsinta,"Isang sikat na steamed rice cake na may madulas at chewy na texture. Ang madilim na kulay kape nito ay galing sa brown sugar, at ang paggamit ng lye water ang nagbibigay dito ng kakaibang ""bite."" Tradisyunal itong kinakain kasama ang sariwang gadgad na niyog o yema spread.","1 1/2 cups flour, 1/2 cup cassava flour, 1 cup brown sugar, 2 cups water, 1 tbsp lye water, gadgad na niyog.","1. Sa isang malaking mangkok, paghaluin ang all-purpose flour, cassava flour, at brown sugar. Siguraduhing walang mga buo-buong asukal.

2. Unti-unting ibuhos ang tubig habang patuloy na hinahalo gamit ang whisk hanggang sa maging malabnaw at pantay ang mixture.

3. Idagdag ang lye water at i-strain ang mixture gamit ang telang katsa o fine strainer para masiguradong smooth ang texture.

4. Isalin ang mixture sa mga maliliit na plastic o silicon molders. Huwag punuin nang sagad.

5. I-steam ang mga ito sa loob ng 45-60 minuto. Balutin ang takip ng steamer ng tela upang hindi tumulo ang tubig sa niluluto.

6. Palamigin nang husto bago tanggalin sa molder. Ihain nang may kasamang sariwang gadgad na niyog sa ibabaw para sa perpektong balanse ng tamis.",Kakanin / Meryenda,"Matamis, Chewy",Calories: ~130 kcal | Carbohydrates: ~28g | Fat: ~1g | Sugar: ~15g | Sodium: ~90mg,10,45,12,Moderate,Low Cost,"Steamed, Kakanin, Laguna, Filipino",Meryenda,"Nostalgic, Merienda happiness, Simple joy, Cozy afternoon",
,Ginataang Pusit,Isang malinamnam na paraan ng pagluluto ng pusit kung saan ang natural na tamis ng dagat ay sumasama sa linamnam ng gata. Ang kaunting asim mula sa suka at anghang ng sili ay nagbibigay ng lalim sa lasa ng sarsa na sadyang nakakatakam kapag ibinuhos sa kanin.,"500g sariwang pusit, 2 cups gata, luya, sibuyas, suka, sili, asin, paminta.","1. Linisin nang maigi ang pusit. Tanggalin ang ""plastic"" na part sa loob at panatilihin ang tinta kung gusto ng itim na sarsa.

2. Sa isang kawali, igisa ang tinadtad na luya, bawang, at sibuyas hanggang sa maging translucent at mabango.

3. Idagdag ang pusit at igisa nang mabilis (2-3 minuto lamang). Huwag itong overcook dahil magiging parang goma ang texture nito.

4. Ibuhos ang gata ng niyog at ilagay ang mga sili (siling haba o labuyo).

5. Lagyan ng 1-2 kutsarang suka. Mahalaga: Huwag hahaluin ang niluluto hanggang sa kumulo ang suka upang hindi maging hilaw ang lasa nito.

6. Timplahan ng asin at paminta. Pakuluan hanggang sa lumapot ang gata at bahagyang magmantika bago ihain.",Ulam (Seafood),"Creamy, Spicy, Sour",Calories: ~290 kcal | Protein: ~18g | Fat: ~20g | Carbohydrates: ~8g | Sodium: ~380mg,15,15,4,Moderate,Medium Cost,"Squid, Gata, Bicolano, Filipino","Tanghalian, Hapunan","Adventurous, Bold, Bicolano pride, Spice lover's joy",
,Turon with Langka,"Ang ultimate Filipino snack na gawa sa saging na saba. Ang paglalagay ng manamis-namis na langka sa loob ng wrapper ay nag-aangat sa lasa nito, habang ang asukal na natunaw sa mantika ay bumubuo ng isang malutong na caramel shell sa labas.","10 saging na saba, 1 cup langka strips, brown sugar, lumpia wrappers, mantika.","1. Hatiin ang bawat saging na saba sa dalawa nang pahaba (longitudinal cut).

2. Ihanda ang brown sugar sa isang plato at pagulungin ang bawat piraso ng saging hanggang sa makapal ang balot ng asukal dito.

3. Ilatag ang lumpia wrapper, ilagay ang isang saging at lagyan ng 2-3 strips ng langka sa tabi nito para sa dagdag na aroma.

4. I-roll ang wrapper nang mahigpit gaya ng pag-roll sa lumpia shanghai, at gamitin ang tubig para isara ang dulo.

5. Mag-init ng mantika. Habang nagpiprito, budburan ng 1-2 kutsarang asukal ang mismong mantika para mag-caramelize ito at dumikit sa labas ng wrapper.

6. Lutuin hanggang maging dark golden brown at napakalutong. Patiktikin ang labis na mantika bago ihain habang mainit pa.",Meryenda / Street Food,"Matamis, Malutong",Calories: ~210 kcal | Carbohydrates: ~42g | Fat: ~5g | Sugar: ~25g | Sodium: ~35mg,15,15,5,Easy,Low Cost,"Banana, Langka, Sweet, Filipino",Meryenda,"Street food happiness, Nostalgic, Sweet craving, Playful",
,Pork Steak (Pinoy Style),Ang Pinoy version ng beef steak na gumagamit ng malambot na hiwa ng baboy. Kilala ito sa manamis-namis at maasim-asim na sarsa na galing sa kombinasyon ng toyo at maraming kalamansi. Ang nagpapaganda rito ay ang mga sariwang onion rings na nagdaragdag ng tamis at lutong sa bawat subo.,"500g pork shoulder (thinly sliced), 1/4 cup soy sauce, 3 tbsp calamansi juice, 2 large onions (rings), garlic.","1. I-marinate ang mga manipis na hiwa ng baboy sa pinaghalong toyo, sariwang piga na kalamansi, at pinitpit na bawang. Hayaan itong manuot sa loob ng isang oras o higit pa.

2. Mag-init ng mantika sa kawali. Iprito ang mga hiwa ng baboy nang mabilis (searing) hanggang sa mag-brown ang magkabilang panig; hanguin ang karne at itabi muna.

3. Sa parehong kawali, igisa ang mga hiwa ng puti o pulang sibuyas (onion rings) hanggang sa maging translucent o bahagyang lumambot pero may kaunting lutong pa.

4. Ibuhos ang natitirang marinade sauce sa kawali at hayaan itong kumulo nang bahagya upang maluto ang hilaw na toyo at kalamansi.

5. Ibalik ang piniritong baboy sa kawali. Hayaan itong kumulo kasama ang sarsa ng mga 2-3 minuto para mag-isang muli ang mga lasa.

6. Ihain nang mainit at siguraduhing lagyan ng maraming tustadong sibuyas sa ibabaw para sa magandang presentasyon.",Ulam (Main Dish),"Maalat, Maasim",Calories: ~320 kcal | Protein: ~22g | Fat: ~24g | Carbohydrates: ~6g | Sodium: ~680mg,60,15,4,Easy,Medium Cost,"Pork, Bistek Style, Filipino","Tanghalian, Hapunan","Happy, Satisfied, Simple indulgence, Nostalgic",
,Buchi,Isang tanyag na Chinese-Filipino snack na gawa sa glutinous rice flour. Ang bawat bola ay may palamang matamis na bean paste at nababalot ng linga (sesame seeds) na nagbibigay ng kakaibang bango at lutong kapag pinirito. Ito ay paboritong panghimagas o meryenda dahil sa pagiging chewy at nutty nito.,"2 cups glutinous rice flour, 1/2 cup water, 1 cup red bean paste, sesame seeds, sugar, oil.","1. Sa isang malaking mangkok, paghaluin ang glutinous rice flour, asukal, at tubig nang dahan-dahan hanggang sa makabuo ng isang dough na hindi dumidikit sa kamay.

2. Kumuha ng sapat na dami ng dough at bilugin ito. Gamit ang hinlalaki, gumawa ng butas sa gitna upang magkaroon ng espasyo para sa palaman.

3. Ilagay ang isang kutsarang red bean paste sa loob, pagkatapos ay isara at dahan-dahang bilugin muli ang dough hanggang maging smooth ang labas.

4. Basain nang bahagya ang labas ng bola gamit ang tubig at pagulungin ito sa sesame seeds. Siguraduhing dikit na dikit ang mga linga para hindi matanggal habang nagpiprito.

5. Mag-init ng mantika sa mahinang apoy (low heat). Napakahalaga na mahina ang apoy para maluto ang loob nang hindi nasusunog ang linga sa labas.

6. I-deep fry hanggang sa maging golden brown at bahagyang lumaki ang mga bola. Patiktikin sa paper towel bago ihain habang mainit pa.",Meryenda / Dessert,"Sweet, Nutty",Calories: ~180 kcal | Carbohydrates: ~30g | Fat: ~6g | Protein: ~3g | Sugar: ~14g,30,15,10,Moderate,Low Cost,"Sesame, Kakanin, Fried, Filipino",Meryenda,"Nostalgic (Chinese-Filipino roots), Sweet craving, Merienda happiness, Cozy",
,Ginataang Alimasag,"Isang marangyang putaheng dagat kung saan ang tamis ng sariwang alimasag ay sumasama sa linamnam ng gata ng niyog. Ang pagdaragdag ng malunggay o kalabasa ay nagbibigay ng sustansya at balanse sa alat ng ulam, na ginagawa itong paborito sa mga espesyal na tanghalian.","4 pcs malalaking alimasag, 3 cups gata, luya, bawang, sibuyas, 2 cups malunggay, asin, paminta.","1. Linisin nang maigi ang mga alimasag gamit ang brush. Maaaring hatiin ang mga ito sa dalawa kung masyadong malaki para mas Easyng manuot ang gata.

2. Sa isang malalim na palayok, igisa ang tinadtad na luya, bawang, at sibuyas hanggang sa lumabas ang bango at maging malambot ang mga rekado.

3. Ibuhos ang gata ng niyog at hayaan itong kumulo sa mahinang apoy. Regular na haluin para hindi mag-buo-buo ang gata.

4. Ilagay ang mga alimasag. Takpan ang palayok at lutuin hanggang sa magbago ang kulay nito at maging matingkad na orange (tanda na luto na ang laman).

5. Idagdag ang mga dahon ng malunggay (o hiwa ng kalabasa kung mas gusto ito). Lutuin pa ng isang minuto hanggang malanta ang dahon.

6. Timplahan ng sapat na asin at paminta ayon sa iyong panlasa bago hanguin at ihain kasama ang mainit na kanin.",Ulam (Seafood),"Creamy, Savory",Calories: ~310 kcal | Protein: ~24g | Fat: ~18g | Carbohydrates: ~10g | Sodium: ~410mg,15,20,4,Difficult,High Cost,"Crab, Gata, Seafood, Filipino","Tanghalian, Hapunan","Fancy, Indulgent, Celebratory, Seafood lover's joy",
,Sapin-Sapin,"Isang makulay at malagkit na kakanin na may iba't ibang layers ng lasa gaya ng ube, langka, at orihinal na gata. Ang bawat layer ay maingat na ini-isteam bago ilagay ang susunod upang mapanatili ang ganda ng mga kulay nito, at binubudburan ng latik para sa dagdag na linamnam.","1.5 cups glutinous rice flour, 0.5 cup rice flour, 2 cups gata, 1 cup sugar, ube at langka flavoring, latik.","1. Sa isang malaking mangkok, pagsamahin ang glutinous rice flour, rice flour, asukal, at gata ng niyog. Haluin nang maigi hanggang maging smooth at walang buo-buo.

2. Hatiin ang mixture sa tatlong pantay na bahagi sa magkakahiwalay na mangkok.

3. Haluan ang unang bahagi ng ube flavoring/coloring, ang pangalawa ng langka flavoring/yellow coloring, at iwanang puti ang huling bahagi.

4. Ihanda ang steamer. I-steam muna ang ube layer (purple) sa loob ng 15 minuto. Kapag medyo matigas na, ibuhos sa ibabaw ang puting layer at i-steam muli ng 15 minuto.

5. Huling ibuhos ang yellow layer (langka) at i-steam ang kabuuan ng huling 20-25 minuto hanggang sa maging translucent at luto na ang lahat.

6. Palamigin nang husto bago hiwain. Budburan ng maraming latik sa ibabaw bago ihain para sa tradisyunal na lasa.",Ulam / Pulutan,"Smoky, Savory",Calories: ~450 kcal | Protein: ~20g | Fat: ~38g | Carbohydrates: ~4g | Sodium: ~720mg,360,20,6,Moderate,High Cost,"Pork, Grilled, Inihaw, Filipino","Tanghalian, Hapunan","Festive, Proud (Filipino kakanin pride), Celebratory, Nostalgic",
,Puto Bumbong,"Ang paboritong pagkain tuwing Pasko sa Pilipinas. Ang kakaibang kulay lila nito ay tradisyunal na galing sa bigas na ""pirurutong."" Niluluto ito gamit ang singaw sa loob ng mga kawayan at inihahain nang mainit na may kasamang butter, asukal na muscovado, at sariwang niyog.","2 cups pirurutong rice, 1 cup glutinous rice, tubig, butter, muscovado sugar, gadgad na niyog.","1. Ibabad ang pinaghalong pirurutong at malagkit na bigas sa tubig sa loob ng isang buong magdamag upang lumambot at lumabas ang kulay.

2. Gilingin ang binabad na bigas hanggang sa maging pino ito. Patuluin at patuyuin ang mixture gamit ang telang katsa hanggang sa maging powder ang texture nito.

3. Kumuha ng sapat na dami ng powder at ilagay sa loob ng ""bumbong"" o bamboo tubes. Huwag siksikin nang sobra upang makadaan ang singaw.

4. Ilagay ang mga kawayan sa ibabaw ng ""lansong"" o steamer na may kumukulong tubig. I-steam ng 5-10 minuto o hanggang sa lumabas ang usok sa itaas ng kawayan.

5. Dahan-dahang ilabas ang puto mula sa kawayan gamit ang isang patpat at ilagay sa dahon ng saging.

6. Pahiran agad ng butter habang mainit pa upang matunaw ito, at budburan ng muscovado sugar at sariwang gadgad na niyog sa ibabaw.",Kakanin / Dessert,"Multi-flavored, Sweet",Calories: ~340 kcal | Carbohydrates: ~55g | Fat: ~14g | Sugar: ~22g | Sodium: ~30mg,30,60,8,Difficult,Low Cost,"Layered, Kakanin, Colorful, Filipino",Meryenda,"Christmas joy, Nostalgic, Simbang Gabi excitement, Festive",
,Adobong Atay at Balunbalunan,Chicken liver and gizzard na niluto sa istilong adobo; maasim at maalat.,"500g chicken liver and gizzard, 1/2 cup soy sauce, 1/4 cup vinegar, laurel leaves, peppercorns, garlic.","Step 1: Linisin nang maigi ang atay at balunbalunan.

Step 2: Pakuluan ang balunbalunan hanggang lumambot (dahil mas matigas ito sa atay).

Step 3: Igisa ang maraming bawang.

Step 4: Idagdag ang atay at ang pinalambot na balunbalunan.

Step 5: Ibuhos ang toyo, suka, at mga pampalasa.

Step 6: Hayaan itong maluto hanggang halos matuyo ang sarsa.",Ulam (Main Dish),"Maalat, Maasim",Calories: ~260 kcal | Protein: ~28g | Fat: ~12g | Carbohydrates: ~4g | Sodium: ~820mg,15,30,4,Easy,Low Cost,"Chicken, Adobo, Liver, Filipino","Tanghalian, Hapunan","Adventurous, Budget-conscious but happy, Bold, Nostalgic",
,Tortang Alimasag,"Crabmeat shells na nilagyan ng hinalong crabmeat, itlog, at gulay bago iprito.","1 cup crabmeat, 3 eggs, potatoes (minced), carrots, onion, salt, pepper, crab shells.","Step 1: Igisa ang bawang, sibuyas, patatas, at carrots kasama ang crabmeat; hanguin.

Step 2: Batihin ang itlog at ihalo ang ginisang mixture.

Step 3: Linisin ang mga crab shells.

Step 4: Ilagay ang mixture sa loob ng shell.

Step 5: Iprito ang shell na nakaharap sa mantika ang mixture side.

Step 6: Lutuin hanggang mag-golden brown ang itlog.",Ulam (Seafood),"Savory, Sweet",Calories: ~250 kcal | Protein: ~18g | Fat: ~14g | Carbohydrates: ~10g | Sodium: ~390mg,30,15,4,Moderate,Medium Cost,"Crab, Stuffed, Filipino, Handaan","Tanghalian, Hapunan","Fancy, Impressed, Celebratory, Seafood excitement",
,Ginataang Tilapia,Isang masustansyang luto ng tilapia sa gata na may kasamang pechay at sili.,"2 large tilapia, 2 cups coconut milk, 1 bundle pechay, knob ginger, onion, chili.","Step 1: Linisin ang tilapia at lagyan ng asin.

Step 2: Igisa ang luya, bawang, at sibuyas.

Step 3: Ibuhos ang gata at hayaang kumulo.

Step 4: Ilagay ang tilapia at lutuin ng 10-15 minuto.

Step 5: Idagdag ang pechay at sili.

Step 6: Timplahan ayon sa panlasa bago hanguin.",Ulam (Seafood),"Creamy, Fresh",Calories: ~290 kcal | Protein: ~22g | Fat: ~18g | Carbohydrates: ~5g | Sodium: ~320mg,10,25,2,Easy,Medium Cost,"Tilapia, Gata, Fish, Filipino","Tanghalian, Hapunan","Simple satisfaction, Healthy mood, Comforted, Nostalgic",
,Sweet and Sour Fish,Pritong isda (karaniwang tilapia o lapu-lapu) na binuhusan ng makulay na sarsa.,"1 large fish, 1/2 cup ketchup, 1/4 cup vinegar, 1/2 cup sugar, pineapple tidbits, carrots, bell pepper.","Step 1: Iprito ang isda hanggang malutong at itabi.

Step 2: Sa isang kawali, paghaluin ang ketchup, suka, asukal, at tubig para sa sauce.

Step 3: Pakuluan ang sauce at ihalo ang cornstarch para lumapot.

Step 4: Idagdag ang carrots, bell pepper, at pineapple tidbits.

Step 5: Ihalo ang mga gulay ng ilang minuto hanggang maluto.

Step 6: Ibuhos ang mainit na sauce sa ibabaw ng piniritong isda.",Ulam (Seafood),"Maasim, Matamis",Calories: ~340 kcal | Protein: ~20g | Fat: ~12g | Carbohydrates: ~35g | Sodium: ~510mg,15,20,4,Moderate,Medium Cost,"Fish, Sweet and Sour, Filipino","Tanghalian, Hapunan","Excited, Happy, Chinese-Filipino nostalgia, Festive",
,Pork Hamonado,Isang festive na ulam ng baboy na niluto sa pineapple juice at asukal hanggang mag-caramelize.,"1 kg pork belly, 2 cups pineapple juice, 1/2 cup soy sauce, 1/2 cup brown sugar, pineapple slices.","Step 1: Igisa ang bawang at sibuyas sa isang kaserola.

Step 2: Idagdag ang baboy at lutuin hanggang mag-brown.

Step 3: Ibuhos ang pineapple juice at toyo.

Step 4: Pakuluan sa mahinang apoy hanggang lumambot ang karne.

Step 5: Idagdag ang asukal at pineapple slices.

Step 6: Lutuin hanggang mag-reduce ang sarsa at maging malapot ang glaze.",Ulam (Main Dish),"Matamis, Malinamnam",Calories: ~460 kcal | Protein: ~22g | Fat: ~34g | Carbohydrates: ~28g | Sodium: ~690mg,15,60,6,Moderate,High Cost,"Pork, Pineapple, Festive, Filipino","Tanghalian, Hapunan","Festive, Christmas mood, Sweet indulgence, Celebratory",
,Sinanglay na Tilapia,Isang Bicolano dish kung saan ang isda ay binalot sa pechay at niluto sa gata.,"2 large tilapia, 3 cups coconut milk, pechay leaves, kamatis, luya, sili, salt.","Step 1: Linisin ang isda at palaman ng kamatis at luya sa loob.

Step 2: Balutin ang bawat isda gamit ang dahon ng pechay at itali ng sinulid kung kailangan.

Step 3: Ilagay ang binalot na isda sa isang malapad na kawali.

Step 4: Ibuhos ang gata ng niyog at sili.

Step 5: Pakuluan sa mahinang apoy hanggang maluto ang isda at lumapot ang gata.

Step 6: Timplahan ng asin bago isalin sa pinggan.",Ulam (Seafood),"Creamy, Spicy",Calories: ~310 kcal | Protein: ~24g | Fat: ~20g | Carbohydrates: ~6g | Sodium: ~280mg,20,25,2,Moderate,Medium Cost,"Tilapia, Bicolano, Gata, Filipino","Tanghalian, Hapunan","Adventurous, Bicolano pride, Curious, Comforted",
,Bibingka,"Rice cake na niluto sa init ng uling sa itaas at ibaba, karaniwang inihahain tuwing simbang gabi.","2 cups rice flour, 1 cup coconut milk, 1 cup sugar, 3 eggs, salted egg, cheese, butter.","Step 1: Paghaluin ang rice flour, asukal, gata, at itlog hanggang maging smooth.

Step 2: Lagyan ng dahon ng saging ang mga molder.

Step 3: Isalin ang mixture sa molder.

Step 4: Lagyan ng hiwa ng salted egg at keso sa ibabaw.

Step 5: I-bake o lutuin sa uling hanggang mag-brown ang ibabaw.

Step 6: Pahiran ng butter at budburan muli ng asukal o niyog.",Kakanin / Christmas,"Sweet, Savory",Calories: ~310 kcal | Fat: ~12g | Carbohydrates: ~45g | Sugar: ~20g | Sodium: ~240mg,15,25,4,Moderate,Low Cost,"Christmas, Rice Cake, Filipino",Meryenda,"Christmas joy, Nostalgic, Simbang Gabi happiness, Warm and festive",
,Turon de Malagkit,Malagkit na rice mixture na binalot sa wrapper at pinirito; mas chewy kaysa sa ordinaryong turon.,"2 cups glutinous rice (cooked), sugar, lumpia wrappers, cooking oil.","Step 1: Magluto ng malagkit na bigas na parang biko ngunit walang gata.

Step 2: Hatiin ang nilutong malagkit sa maliliit na portion.

Step 3: Ibalot sa lumpia wrapper.

Step 4: Iprito sa mainit na mantika.

Step 5: Budburan ng asukal sa mantika habang nagpiprito para sa glaze.

Step 6: Hanguin kapag malutong na ang wrapper.",Meryenda / Kakanin,"Matamis, Chewy",Calories: ~240 kcal | Carbohydrates: ~50g | Fat: ~6g | Sugar: ~18g | Sodium: ~20mg,40,15,6,Moderate,Low Cost,"Malagkit, Sweet, Fried, Filipino",Meryenda,"Sweet craving, Nostalgic, Merienda happiness, Cozy",
,Ukoy,"Malutong na fritters na gawa sa maliliit na hipon, toge, at kalabasa.","1 cup small shrimps, 2 cups squash (strips), 1 cup bean sprouts, 1 cup flour, 1/2 cup cornstarch, egg.","Step 1: Paghaluin ang harina, cornstarch, itlog, at tubig para makabuo ng batter.

Step 2: Ihalo ang hipon, kalabasa, at toge sa batter.

Step 3: Timplahan ng asin at paminta.

Step 4: Sumandok ng sapat na dami at ilagay sa mainit na mantika nang pabilog.

Step 5: Iprito hanggang maging napakalutong at golden brown.

Step 6: Ihain kasama ang sukang may bawang at sili.",Meryenda / Appetizer,"Malutong, Savory",Calories: ~220 kcal | Fat: ~12g | Carbohydrates: ~20g | Protein: ~10g | Sodium: ~290mg,20,15,6,Moderate,Low Cost,"Shrimps, Fritters, Crispy, Filipino",Meryenda,"Street food happiness, Merienda joy, Nostalgic, Playful",
,Suman Malagkit,Tradisyunal na kakanin na binalot sa dahon ng saging at niluto sa pamamagitan ng pag-steam.,"3 cups glutinous rice, 2 cups coconut milk, 1/2 tsp salt, banana leaves.","Step 1: Hugasan ang malagkit at iluto sa gata at asin hanggang mangalahati ang luto.

Step 2: Ihanda ang mga dahon ng saging sa pamamagitan ng pag-init nito sa apoy.

Step 3: Maglagay ng 2-3 kutsarang bigas sa dahon at i-roll nang mahigpit.

Step 4: Itali ang magkapares na suman.

Step 5: I-steam ng 1 hanggang 1 1/2 oras.

Step 6: Ihain kasama ang asukal o latik.",Kakanin / Meryenda,"Creamy, Neutral",Calories: ~210 kcal | Carbohydrates: ~42g | Fat: ~5g | Protein: ~4g | Sodium: ~150mg,30,90,10,Difficult,Low Cost,"Malagkit, Steamed, Filipino",Meryenda,"Nostalgic, Simple morning joy, Pasalubong happiness, Humble",
,Tortang Patatas,Omelet na may kasamang cubes ng patatas at giniling na karne.,"3 large potatoes (cubed), 200g ground pork, 4 eggs, onion, salt, pepper.","Step 1: Iprito ang cubes ng patatas hanggang lumambot; itabi.

Step 2: Igisa ang bawang, sibuyas, at giniling na baboy.

Step 3: Ihalo ang nilutong patatas sa giniling.

Step 4: Batihin ang mga itlog at ibuhos sa mixture ng karne at patatas.

Step 5: Iprito ang mixture na parang pancake.

Step 6: Baligtarin nang maingat hanggang maluto ang kabilang panig.",Ulam (Main Dish),"Savory, Filling",Calories: ~280 kcal | Protein: ~14g | Fat: ~16g | Carbohydrates: ~22g | Sodium: ~310mg,15,20,4,Easy,Low Cost,"Potato, Egg, Breakfast, Filipino","Almusal, Tanghalian","Simple and satisfied, Humble, Budget day contentment, Comforted",
,Ginataang Mais,Isang mainit na meryenda na gawa sa malagkit na bigas at mais na niluto sa gata.,"1 cup glutinous rice, 2 cups sweet corn kernels, 3 cups coconut milk, 1/2 cup sugar.","Step 1: Pakuluan ang gata sa isang kaserola.

Step 2: Idagdag ang malagkit na bigas at haluin para hindi dumikit sa ilalim.

Step 3: Lutuin sa mahinang apoy hanggang lumambot ang bigas.

Step 4: Ihalo ang mais at asukal.

Step 5: Ipagpatuloy ang pagluluto hanggang maging malapot ang mixture.

Step 6: Ihain habang mainit o pinalamig.",Meryenda / Dessert,"Matamis, Creamy",Calories: ~260 kcal | Carbohydrates: ~48g | Fat: ~8g | Sugar: ~18g | Sodium: ~35mg,10,30,5,Easy,Low Cost,"Corn, Rice, Gata, Filipino",Meryenda,"Rainy afternoon, Cozy, Sweet craving, Nostalgic, Comforted",
,Adobong Sitaw,"Isang simpleng gulay na luto sa toyo at suka, kadalasang may kasamang baboy.","1 bundle sitaw, 150g pork belly (cubed), 1/4 cup soy sauce, 2 tbsp vinegar, garlic, pepper.","Step 1: Igisa ang bawang at baboy hanggang mag-brown ang karne.

Step 2: Idagdag ang sitaw (hiniwa sa 2 inches).

Step 3: Ibuhos ang toyo at pakuluan ng ilang minuto.

Step 4: Idagdag ang suka at huwag munang hahaluin ng isang minuto.

Step 5: Timplahan ng paminta.

Step 6: Lutuin hanggang ma-absorb ng sitaw ang sarsa.",Ulam (Vegetable),"Maalat, Maasim",Calories: ~190 kcal | Protein: ~10g | Fat: ~12g | Carbohydrates: ~8g | Sodium: ~520mg,10,15,4,Easy,Low Cost,"Sitaw, Adobo, Vegetable, Filipino","Tanghalian, Hapunan","Simple joy, Humble, Budget-conscious but happy, Nostalgic",
,Pichi-Pichi,"Malagkit na kakanin na gawa sa cassava at asukal, binudburan ng keso o niyog.","2 cups grated cassava, 1 cup sugar, 2 cups water, grated cheese or coconut.","Step 1: Paghaluin ang cassava, asukal, at tubig sa isang mangkok.

Step 2: Isalin sa mga maliliit na molder.

Step 3: I-steam ng 45 minuto hanggang maging transparent ang texture.

Step 4: Palamigin muna nang maigi bago tanggalin sa molder.

Step 5: Pagulungin sa gadgad na keso o niyog.

Step 6: Ihain bilang meryenda.",Kakanin / Dessert,"Matamis, Chewy",Calories: ~150 kcal | Carbohydrates: ~35g | Fat: ~2g | Sugar: ~20g | Sodium: ~110mg,20,45,10,Moderate,Low Cost,"Cassava, Steamed, Kakanin, Filipino",Meryenda,"Nostalgic, Sweet craving, Merienda happiness, Festive",
,Sweet Macaroni Salad,"Isang Pinoy-style salad na may macaroni, condensed milk, at iba't ibang prutas.","500g macaroni, 1 cup mayonnaise, 1 can condensed milk, fruit cocktail, cheese cubes, raisins.","Step 1: Lutuin ang macaroni ayon sa package instructions; palamigin.

Step 2: Sa isang malaking mangkok, paghaluin ang mayonnaise at condensed milk.

Step 3: Idagdag ang fruit cocktail (salain ang syrup).

Step 4: Ihalo ang macaroni, keso, at raisins.

Step 5: Haluin nang maigi hanggang mabalot ang lahat ng sahog.

Step 6: I-refrigerate ng hindi bababa sa 4 na oras bago ihain.",Dessert / Meryenda,"Matamis, Creamy",Calories: ~380 kcal | Fat: ~18g | Carbohydrates: ~45g | Sugar: ~28g | Sodium: ~210mg,20,10,10,Easy,Medium Cost,"Salad, Macaroni, Sweet, Filipino","Meryenda, Handaan","Party mood, Celebratory, Sweet tooth satisfied, Happy",
,Dinakdakan,Isang Ilocano dish ng inihaw na bahagi ng baboy na hinaluan ng creamy dressing.,"500g pork mask/ears, 1/2 cup mayonnaise (alternative to brain), ginger, onion, chili, calamansi juice.","Step 1: Pakuluan ang pork mask hanggang lumambot.

Step 2: Ihawin ang pork hanggang maging tustado ang labas.

Step 3: Hiwain ang inihaw na baboy sa maliliit na cubes.

Step 4: Sa isang mangkok, paghaluin ang luya, sibuyas, sili, at calamansi juice.

Step 5: Ihalo ang baboy at mayonnaise (tradisyunal na utak ng baboy ang ginagamit).

Step 6: Timplahan ng asin at paminta bago ihain bilang pulutan o ulam.",Ulam / Pulutan,"Smoky, Creamy, Sour",Calories: ~420 kcal | Protein: ~18g | Fat: ~38g | Carbohydrates: ~4g | Sodium: ~480mg,30,30,4,Moderate,Medium Cost,"Ilocano, Pork, Grilled, Filipino","Hapunan, Pulutan","Adventurous, Bold (Ilocano pride), Pulutan vibes, Party mood",
,Ginataang Mungo with Tinapa,Masustansyang munggo na niluto sa gata na may pampalasa ng tinapa.,"1 cup mung beans, 2 cups coconut milk, tinapa flakes, malunggay leaves, garlic, onion.","Step 1: Pakuluan ang munggo sa tubig hanggang lumambot.

Step 2: Igisa ang bawang, sibuyas, at tinapa flakes.

Step 3: Ihalo ang pinalambot na munggo.

Step 4: Ibuhos ang gata ng niyog at pakuluan.

Step 5: Idagdag ang malunggay leaves at lutuin ng isang minuto.

Step 6: Timplahan ng asin at paminta.",Ulam (Vegetable),"Creamy, Smoky",Calories: ~260 kcal | Protein: ~12g | Fat: ~14g | Carbohydrates: ~22g | Sodium: ~380mg,15,45,4,Moderate,Low Cost,"Mungo, Tinapa, Gata, Filipino",Tanghalian,"Nostalgic, Comforted, Simple satisfaction, Rainy day",
,Leche Flan,Ang pamosong Filipino custard dessert na gawa sa itlog at gatas na may caramel syrup.,"10 egg yolks, 1 can condensed milk, 1 can evaporated milk, 1/2 cup sugar (for caramel), vanilla.","Step 1: Tunawin ang asukal sa mga llanera hanggang maging caramel.

Step 2: Sa isang mangkok, paghaluin ang egg yolks, condensed milk, evaporated milk, at vanilla.

Step 3: Salain ang mixture para maging smooth ang texture.

Step 4: Isalin ang mixture sa mga llanera.

Step 5: I-steam ng 30-45 minuto sa mahinang apoy (takpan ng foil).

Step 6: Palamigin bago baligtarin sa plato at ihain.",Dessert,"Matamis, Creamy",Calories: ~310 kcal | Fat: ~12g | Carbohydrates: ~42g | Sugar: ~38g | Sodium: ~120mg,20,45,6,Moderate,Medium Cost,"Custard, Sweet, Handaan, Filipino","Meryenda, Dessert","Celebratory, Festive, Indulgent, Sweet and proud, Special occasion",
,Pork Sisig (Crispy Style),Tinadtad na inihaw na bahagi ng mukha ng baboy na pinirito hanggang lumutong.,"500g pork face/belly, 1 cup onion (minced), chili, calamansi, soy sauce, mayonnaise, egg (optional).","Step 1: Pakuluan ang baboy hanggang lumambot at ihawin.

Step 2: Tadtarin ang baboy sa maliliit na piraso.

Step 3: Iprito ang tinadtad na baboy sa mainit na kawali hanggang lumutong.

Step 4: Ihalo ang sibuyas, sili, toyo, at calamansi juice.

Step 5: Magdagdag ng mayonnaise para sa creaminess.

Step 6: Ihain sa sizzling plate at lagyan ng itlog sa ibabaw.",Ulam / Pulutan,"Smoky, Crispy, Sour",Calories: ~480 kcal | Protein: ~20g | Fat: ~42g | Carbohydrates: ~5g | Sodium: ~590mg,40,20,4,Difficult,Medium Cost,"Sisig, Pork, Pampanga, Filipino","Hapunan, Pulutan","Party mood, Bold, Pulutan excitement, Celebratory",
,Ginataang Langka,Hilaw na langka na niluto sa gata na may kasamang dried fish o baboy.,"500g unripe langka, 2 cups coconut milk, 50g dried fish (daing), garlic, onion, chili.","Step 1: Igisa ang bawang, sibuyas, at luya.

Step 2: Idagdag ang hiniwang langka at dried fish.

Step 3: Ibuhos ang gata ng niyog.

Step 4: Pakuluan sa mahinang apoy hanggang lumambot ang langka.

Step 5: Idagdag ang sili para sa anghang.

Step 6: Lutuin hanggang mag-mantika ang gata at timplahan.",Ulam (Vegetable),"Creamy, Spicy",Calories: ~240 kcal | Protein: ~8g | Fat: ~18g | Carbohydrates: ~15g | Sodium: ~430mg,15,35,4,Easy,Low Cost,"Langka, Gata, Bicolano, Filipino",Tanghalian,"Adventurous, Bold, Spice lover's joy, Nostalgic",
,Ube Halaya,"Malagkit na jam na gawa sa purple yam, gatas, at butter.","1 kg grated ube, 1 can condensed milk, 1 cup evaporated milk, 1/2 cup butter, sugar.","Step 1: Pakuluan ang gadgad na ube hanggang lumambot; hanguin at pitpitin.

Step 2: Sa isang malaking kawali, paghaluin ang ube, gatas, at asukal.

Step 3: Haluin nang tuloy-tuloy sa mahinang apoy ng 45-60 minuto.

Step 4: Idagdag ang butter kapag malapot na ang mixture.

Step 5: Ipagpatuloy ang paghalo hanggang sa hindi na dumidikit ang ube sa kawali.

Step 6: Isalin sa mga molder at palamigin.",Dessert / Meryenda,"Matamis, Creamy",Calories: ~290 kcal | Carbohydrates: ~48g | Fat: ~10g | Sugar: ~32g | Sodium: ~140mg,30,60,8,Difficult,Medium Cost,"Ube, Jam, Filipino, Sweet",Meryenda,"Sweet and happy, Nostalgic, Celebratory, Proud (Filipino identity)",
,Kalamay Hati,"Malagkit na rice cake na napakapot at napakatamis, inihahain sa loob ng bao ng niyog.","2 cups glutinous rice flour, 3 cups coconut milk, 1 cup muscovado sugar.","Step 1: Paghaluin ang rice flour at 1 cup ng gata; haluin hanggang mawala ang buo-buo.

Step 2: Sa isang kawali, pakuluan ang natitirang gata at muscovado sugar hanggang lumapot.

Step 3: Unti-unting ibuhos ang rice flour mixture habang hinahalo nang mabilis.

Step 4: Lutuin sa mahinang apoy habang hinahalo nang tuloy-tuloy ng isang oras.

Step 5: Lutuin hanggang maging sobrang lapot at makintab ang mixture.

Step 6: Ilagay sa lalagyan at palamigin bago ihain.",Kakanin / Dessert,"Very Sweet, Chewy",Calories: ~380 kcal | Carbohydrates: ~65g | Fat: ~12g | Sugar: ~35g | Sodium: ~45mg,20,60,6,Difficult,Low Cost,"Muscovado, Kakanin, Sticky, Filipino",Meryenda,"Sweet tooth satisfied, Nostalgic, Simple provincial joy, Proud",
,Chicken Pastel,Isang creamy na chicken stew na niluluto sa ilalim ng pie crust (o bilang ulam lang).,"500g chicken cubes, 1/2 cup cream, mushroom, sausage, carrots, potato, butter, cheese.","Step 1: Igisa ang chicken sa butter hanggang mag-brown.

Step 2: Idagdag ang sausage, patatas, at carrots.

Step 3: Ibuhos ang gatas o cream at pakuluan hanggang lumambot ang gulay.

Step 4: Idagdag ang mushroom at cheese; haluin hanggang matunaw ang keso.

Step 5: Timplahan ng asin at paminta.

Step 6: Maaaring ilagay sa baking dish at takpan ng pastry dough bago i-bake.",Ulam (Main Dish),"Creamy, Savory",Calories: ~410 kcal | Protein: ~22g | Fat: ~28g | Carbohydrates: ~15g | Sodium: ~550mg,20,30,4,Moderate,Medium Cost,"Chicken, Creamy, Pastel, Filipino","Tanghalian, Hapunan","Fancy, Cozy, Impressed, Special Sunday meal, Indulgent",
,Taho (Homemade),"Ang sikat na street food na soft tofu na may arnibal at sago, ginawa sa sariling kusina.","500g extra soft tofu, 1 cup brown sugar, 1 cup water, 1/2 cup cooked sago, vanilla.","Step 1: I-steam ang extra soft tofu ng 10-15 minuto; itabi.

Step 2: Para sa arnibal, pakuluan ang tubig, asukal, at vanilla hanggang lumapot ang syrup.

Step 3: Ihanda ang sago na niluto na nang hiwalay.

Step 4: Kumuha ng manipis na layer ng mainit na tofu gamit ang sandok.

Step 5: Ilagay sa baso at lagyan ng nilutong sago.

Step 6: Buhusan ng mainit na arnibal bago ihain.",Street Food / Meryenda,"Matamis, Soft",Calories: ~160 kcal | Protein: ~8g | Carbohydrates: ~30g | Sugar: ~25g | Sodium: ~15mg,10,20,4,Easy,Low Cost,"Tofu, Street Food, Sweet, Filipino","Almusal, Meryenda","Morning nostalgia, Simple joy, Comforted, Warm and happy",
,Beef Pares,"Malambot na beef stew na may matamis at malinamnam na sabaw, ihahain kasama ng sinangag.","500g beef brisket, star anise, ginger, soy sauce, brown sugar, garlic, cornstarch.","Step 1: Pakuluan ang beef sa tubig na may luya hanggang maging sobrang lambot.

Step 2: Igisa ang maraming bawang sa kawali.

Step 3: Idagdag ang pinalambot na beef at ang sabaw nito.

Step 4: Ibuhos ang toyo, asukal, at ilagay ang star anise.

Step 5: Pakuluan at lagyan ng cornstarch mixture para lumapot ang sarsa.

Step 6: Ihain kasama ang fried rice at beef soup sa tabi.",Ulam (Main Dish),"Matamis, Malinamnam",Calories: ~380 kcal | Protein: ~26g | Fat: ~22g | Carbohydrates: ~15g | Sodium: ~740mg,20,120,4,Moderate,Medium Cost,"Beef, Pares, Filipino Style, Ulam","Tanghalian, Hapunan","Late night hunger, Street food happiness, Exhausted after work, Nostalgic",
,Ginataang Hito,Inihaw na hito na niluto sa gata ng niyog at luya.,"2 large hito (catfish), 2 cups coconut milk, knob ginger, vinegar, chili pepper, salt.","Step 1: Linisin ang hito at ihawin muna hanggang maluto (optional ngunit mas masarap).

Step 2: Igisa ang luya, bawang, at sibuyas.

Step 3: Ibuhos ang gata at pakuluan.

Step 4: Ilagay ang inihaw na hito at sili.

Step 5: Magdagdag ng kaunting suka at huwag munang hahaluin.

Step 6: Lutuin hanggang mag-mantika ang gata.",Ulam (Seafood),"Creamy, Smoky",Calories: ~320 kcal | Protein: ~20g | Fat: ~24g | Carbohydrates: ~4g | Sodium: ~350mg,20,30,2,Moderate,Medium Cost,"Catfish, Gata, Inihaw, Filipino","Tanghalian, Hapunan","Adventurous, Nostalgic (rural roots), Simple pleasure, Curious",
,Majas Blanca,"Isang maputing dessert na gawa sa gatas ng niyog at mais, budburan ng latik.","2 cups coconut milk, 1 cup evaporated milk, 1 cup cornstarch, 1 cup sugar, sweet corn kernels, latik.","Step 1: Paghaluin ang gata, evaporated milk, at asukal sa isang kawali.

Step 2: Pakuluan sa katamtamang init at ihalo ang mais.

Step 3: Tunawin ang cornstarch sa kaunting gatas at ibuhos sa kumukulong mixture.

Step 4: Haluin nang tuloy-tuloy hanggang maging napakalapot.

Step 5: Isalin sa isang lalagyan at patagin ang ibabaw.

Step 6: Palamigin at budburan ng latik bago hiwain.",Dessert / Meryenda,"Matamis, Creamy",Calories: ~240 kcal | Fat: ~10g | Carbohydrates: ~35g | Sugar: ~22g | Sodium: ~60mg,15,20,8,Easy,Low Cost,"Coconut Milk, Corn, Sweet, Filipino",Meryenda,"Sweet satisfaction, Festive, Nostalgic, Merienda happiness",
,Adobong Kambing,"Goat meat na niluto sa toyo, suka, at maraming luya para matanggal ang lansa.","1 kg goat meat, 1/2 cup soy sauce, 1/4 cup vinegar, ginger (many), laurel, peppercorns.","Step 1: Pakuluan ang kambing sa tubig na may maraming luya hanggang lumambot; salain.

Step 2: Igisa ang bawang at marami pang luya.

Step 3: Idagdag ang kambing at igisa ng ilang minuto.

Step 4: Ibuhos ang toyo, suka, at pampalasa.

Step 5: Lutuin sa mahinang apoy hanggang ma-absorb ang sarsa.

Step 6: Ihain nang mainit kasama ang kanin.",Ulam (Main Dish),"Maalat, Maasim",Calories: ~290 kcal | Protein: ~32g | Fat: ~14g | Carbohydrates: ~3g | Sodium: ~790mg,20,90,6,Difficult,High Cost,"Goat, Adobo, Exotic, Filipino","Tanghalian, Hapunan","Adventurous, Bold, Curious, Proud (exotic food courage)",
,Tupig,"Isang Ilocano delicacy na gawa sa malagkit at niyog, binalot sa dahon ng saging at inihaw.","2 cups glutinous rice flour, 1 cup coconut milk, 1 cup muscovado sugar, young coconut strips.","Step 1: Paghaluin ang rice flour, gata, asukal, at coconut strips hanggang makabuo ng malapot na mixture.

Step 2: Ihanda ang dahon ng saging na pinunasan ng mantika.

Step 3: Maglagay ng 2 kutsara ng mixture sa dahon at i-roll nang mahaba at payat.

Step 4: Ihanda ang parilya o uling.

Step 5: Ihawin ang tupig hanggang masunog nang bahagya ang dahon at maluto ang loob.

Step 6: Baligtarin nang madalas para hindi masunog nang sobra.",Kakanin / Meryenda,"Sweet, Smoky",Calories: ~210 kcal | Carbohydrates: ~40g | Fat: ~5g | Sugar: ~18g | Sodium: ~25mg,30,20,10,Moderate,Low Cost,"Ilocano, Grilled, Malagkit, Filipino",Meryenda,"Nostalgic (Ilocano pride), Smoky happiness, Simple joy, Provincial warmth",
,Ginger Candy,"Ang Ginger Candy ay isang natatangi at masustansiyang kendi na gawa sa sariwang luya na pinakuluan at pinagsamang asukal hanggang maging malapot at malagkit ang mixture. Ang natural na init at anghang ng luya ay nagbibigay ng natatanging lasa na nagpapalayo sa karaniwang matamis na kendi. Ang ginger candy ay kilala rin bilang natural na lunas sa sakit ng tiyan, vomiting, at motion sickness. Ang mas matagal na luya ay nagbibigay ng mas malakas na anghang habang ang mas batang luya ay mas banayad ang lasa. Ito ay isang mahusay na negosyo na may matagal na shelf life.","Murang luya (hindi magulang) binalatan at hiniwa nang pakuwadrado, tubig, asukal","Step 1: Ilagay ang nahiwang luya sa isang kaserola.
Step 2: Lagyan ng kaunting tubig para maluto ang luya.
Step 3: Lutuinin sa katamtamang init ng apoy hanggang lumambot ang luya. Kung gaano karami ang luya dagdagan ng pressure cooker kung magpapaabot (mga 30 minuto). Mas magiging mabilis ang pagpapalambot kung gagamit ng pressure cooker.
Step 4: Salain ang tubig.
Step 5: Magdagdag ng kaunting asukal sa luya. Pabayaang kumulo 1/4 ng total amount.
Step 6: Lagyan ng kaunting tubig para lumapot ang luya habang hinahalo at habang nag-evaporate na ang likido. Kapag malapit na maluto, hinaan ang apoy at bayaang lumamig habang hinahalo.
Step 7: Patayin ang apoy at bayaang lumamig.
Step 8: Pagulungin ang luya sa asukal.
Step 9: Isalin sa isang malaking plato at pagulungin sa asukal.",Kendi / Processed Food / Meryenda,"Matamis, Maanghang, Natural na Lasa ng Luya",Calories: ~120 kcal | Carbs: ~30g | Sugar: ~25g | Sodium: ~5mg,20,45,20,Moderate,Low Cost,"Luya, Ginger Candy, Kendi, Filipino, Negosyo, Meryenda, Herbal",Meryenda,"Sick or recovering, Adventurous, Nostalgic, Health-conscious",
,Kamias Candy,"Ang Kamias Candy ay isang natatangi at masarap na kendi na ginagawa mula sa kamias — isang prutas na karaniwang ginagamit bilang pampaasim sa mga ulam. Sa pamamagitan ng proseso ng candying, ang natural na sobrang asim ng kamias ay nagiging matamis at masarap na kendi na hindi mo inaasahan. Ang lime solution ay ginagamit para alisin ang pait at sobrang asim ng kamias bago lutuin sa asukal. Ang Kamias Candy ay isa sa mga exported na produkto ng Pilipinas na paboritong-paborito sa iba't ibang bansa. Ito ay isang napakagandang negosyo na may mataas na kita.","Kamias, lime solution (asukal na hinaluan ng tubig), asukal, syrup","Step 1: Simulang ipagbukod-bukod ang prutas ayon sa kanilang laki habang tinatanggal ang mga bulok o may diprensiya.
Step 2: Timbangin ang mga prutas.
Step 3: Ibabad sila sa lime solution buong magdamag (1 kutsarang apog kada 1 litro ng tubig). Ang prosesong ito ay medyo magpapatigas ng kamias.
Step 4: Muling hugasan nang maigi ang prutas sa tubig para matanggal ang sobrang apog sa pamamagitan ng pagdadalo ng tubig.
Step 5: Sandaling ibabad sila sa kumukulong tubig ng 3 hanggang 5 minuto saka salain.
Step 6: Tusukin ang ilalim na bahagi ng kamias gamit ang toothpick at medyo pisain.
Step 7: Ihanda ang syrup (asukal na hinaluan ng tubig). Pakuluan ng 5 minuto at medyo pisain.
Step 8: Idagdag ang kamias sa syrup at pakuluan ng 5 minuto at patuyuin sa ilalim ng araw, iayos ang kamias sa tray at patuyuin sa ilalim ng araw.
Step 9: Sa sumunod na araw, iayos ang kamias sa tray at patuyuin sa ilalim ng araw.
Step 10: Pagkataraang matuyo, timbangin muli at i-pack sa plastic bag saka selyaduhan.",Kendi / Processed Food / Meryenda,"Matamis-Maasim, Chewy, Preserved na Prutas",Calories: ~90 kcal | Carbs: ~22g | Sugar: ~18g | Sodium: ~10mg,480,30,20,Difficult,Low Cost,"Kamias, Candy, Kendi, Filipino, Negosyo, Meryenda, Exported",Meryenda,"Curious, Nostalgic, Sweet-sour craving, Proud (Filipino product)",
,Tamarind Balls,Ang Tamarind Balls ay isang tradisyonal na Filipino candy na gawa sa hinog na sampalok na pinagsama sa kamoteng ube at asukal para makamit ang natatanging matamis-maasim at chewy na texture. Ang sampalok ang nagbibigay ng natural na maasim at malalim na lasa habang ang kamoteng ube ay nagdadagdag ng kakaibang kulay at bahagyang tamis. Ang asukal ay ginagamit para balutin ang bola para sa mas matagal na shelf life at para sa karagdagang tamis. Ito ay isa sa mga pinakasikat na street food at pasalubong sa Pilipinas na mabibili sa mga palengke at tindahan.,"1 tasang hinog na sampalok kasama ang buto, 2 tasang kamoteng ube pinakuluan at nilamas, 1 tasang asukal, 1 tasang tubig","Step 1: Paghaluin ang mga sangkap sa isang kaserola nang maayos.
Step 2: Lutuin sa katamtamang init ng apoy.
Step 3: Tuloy-tuloy na haluin hanggang maging malapot ang mixture para maaari na itong iporma.
Step 4: Isalin sa isang malaking plato.
Step 5: Iporma na parang malaking bola at pagulungin sa asukal.
Step 6: Balutin sa cellophane para sa mas maayos na presentasyon at mas matagal na shelf life.",Kendi / Street Food / Meryenda,"Matamis-Maasim, Chewy, Malalim ang Lasa",Calories: ~110 kcal | Carbs: ~28g | Sugar: ~20g | Sodium: ~5mg,20,30,24,Easy,Low Cost,"Sampalok, Tamarind Balls, Kendi, Filipino, Street Food, Negosyo, Pasalubong",Meryenda,"Nostalgic, Street food happiness, Playful, Sweet-sour craving",
,Kropeck from Shrimp Heads,"Ang Kropeck from Shrimp Heads ay isang mapanlikhang paraan ng paggamit ng ulo ng hipon na karaniwang itinapon para makagawa ng masarap at malutong na kropeck. Sa pamamagitan ng paggiling ng ulo ng hipon kasama ang bigas, vetsin, at pampalasa, nagagawa ang isang makapal na mixture na pinatutuyo at pagkatapos ay piniprito para maging napaka-malutong na kropeck. Ito ay isang napaka-sulit na produkto dahil ginagamit ang parte ng hipon na walang gastos at ang resulta ay isang napaka-popular na meryenda. Perpekto bilang negosyo dahil mababang puhunan ngunit mataas na kita.","1 kilo ng ulo ng hipon pinakuluan (sandali/blanched), 1/2 kilong bigas, 2 kutsarang asin, 1 kutsarang itim na paminta, 1 kutsarang vetsin, 5 kutsarang limewater (1 kutsarang apog sa bawat 1 tasang tubig)","Step 1: Ibabad ang bigas sa tubig magdamagan. Pagkatapos ay gilingin ito kasama ang ulo ng hipon na pinakuluan sandali. Kailangan ng gilingin ito pinong-pino ang ulo ng hipon kasama ang bigas.
Step 2: Pagsama-samahin ang hipon at bigas at asin, vetsin, limewater at itim na paminta bilang flavoring.
Step 3: Ibuhos ang mixture sa isang pan na pinahiran ng mantika para sa recipeng ito.
Step 4: Iluto at ihalo ang mixture hanggang medyo lumapot ito (dapat dumikit at maaaring pangkabigin ng mixture sa kawali). Tanggalin sa apoy.
Step 5: Pasingawin ng 2 o 3 minuto at pagkatapos ay hiwain sa gustong laki.
Step 6: Bilang pangwakas, patuyin ang isda araw 1 o 2 araw hanggang lumutong at ibenta.",Meryenda / Processed Food / Negosyo,"Maalat, Malutong, Lasa ng Hipon",Calories: ~160 kcal | Protein: ~8g | Fat: ~6g | Carbs: ~20g | Sodium: ~580mg,480,30,20,Moderate,Low Cost,"Kropeck, Hipon, Meryenda, Filipino, Negosyo, Malutong, Processed Food",Meryenda,"Snacky, Creative satisfaction, Resourceful mood, Proud",
,Turkish Delight,Ang Turkish Delight ay isang makulay at malambot na kendi na nagmula sa Turkey ngunit naging popular na rin sa Pilipinas bilang isang mahusay na negosyo. Ito ay ginagawa sa pamamagitan ng pagluluto ng asukal at cornstarch sa napakataas na temperatura hanggang maging malapot at malagkit na mixture na puno ng rosewater na aroma. Ang paggamit ng candy thermometer ay napakahalaga para makamit ang tamang temperatura at consistency ng kendi. Ang powdered sugar sa ibabaw ay nagpipigil ng pagdikit ng mga piraso at nagbibigay ng magandang hitsura. Ito ay isang espesyal na produkto na napaka-angkop para sa mga regalo at espesyal na okasyon.,"4 tasang asukal, 1.5 tasang lemon juice, 2 kutsaritang cream of tartar, 1.25 tasang cornstarch, 2-3 drops red food coloring magdamagan, 1 kutsaritang rosewater (ilulusaw sa tubig), 1 tasang powdered sugar","Step 1: Maghanda ng 9x9 pan sa pamamagitan ng paglangis nito sa aluminum foil sa gilid nito. Ilagay ito sa pagpapahid ng butter sa gilid ng pan at pagkatapos ilagay ito sa paglalagay ng asukal.
Step 2: Pabayaang kumulo ang sugar mixture. I-brush ang anumang namumuong asukal sa gilid ng pan at bayaang kumulo. Haluin hanggang malusaw ang asukal; ilagay ang cream of tartar. Lutuin sa katamtamang init ng apoy hanggang maabot sa 240 degrees sa candy thermometer.
Step 3: Pabayaang kumulo ang sugar mixture nang hindi hinahalo. Magiging makapal sa 240 degrees sa candy thermometer.
Step 4: Kapag nasa mga 225 degrees na ang sugar syrup, ilagay ang natitirang 3 tasang cornstarch at cornstarch mixture sa kaserola. Magdagdag ng cornstarch at walang na namumuo. Painumin sa candy at pakuluan sa katamtamang init ng apoy. Magiging makapal ang mixture, patiboy na ang kaserola sa katamtamang init ng apoy at pakuluan bawat 8-10 minutes o magiging malapit na ng candy, binabati ng golden-yellow na candy, tanggalin ito hanggang sa mag-evaporate na ang mga mixture.
Step 5: Hinaan ang apoy at pakuluan sa mahinang apoy. Dahan-dahan ibuhos na sa 240 degrees at hinaan ang apoy, binabati bawat 8-10 minutes o 1 oras hanggang magiging golden-yellow ang candy, binabati ito sa mahinang apoy, tanggalin ito mula apoy.
Step 6: Lagyan ng kaunting tubig para lumapot ang luya habang hinahalo ang mixture. Magiging makapal at magiging malapot ang mixture, patiboy na hanggang mula apoy.
Step 7: Pagkatapon ng isang oras, tanggalin ang candy mula sa inhandang pan at ihalo ang food coloring at rosewater. Luto na ang candy.
Step 8: Sa susunod na araw, tanggalin ang candy sa gilid ng pan sa powdered sugar.
Step 9: Gamit ang iyong work station ng powdered sugar at ng iyong tray.
Step 10: Mas mamanman kung kainin ang Turkish Delight sa malilit na kuwadrado subalit maaari ring kumain ng Turkish Delight sa pag-kain ng ilong na gawin sa kuwadrong container na may wax paper sa loob at pinaspataspong powdered sugar.
",Kendi / Dessert / Espesyal na Produkto,"Matamis, Mabango, Malambot, Rosy na Lasa",Calories: ~150 kcal | Carbs: ~38g | Sugar: ~32g | Sodium: ~10mg,30,120,24,Difficult,Medium Cost,"Turkish Delight, Kendi, Negosyo, Espesyal, Pasalubong, Rosewater, Regalo","Meryenda, Dessert","Fancy, Gifting mood, Curious, Romantic, Special occasion",
,Baked Spaghetti,Ang Baked Spaghetti ay isang espesyal na Filipino-style na spaghetti na inihurnong sa oven para makamit ang ginintuang kayumanggi at cheesy na ibabaw. Hindi ito katulad ng karaniwang spaghetti — ang baked spaghetti ay may karagdagang white sauce na nagbibigay ng creamy at mayamang lasa na nagtatago sa ibabaw ng meat sauce at pasta. Ang quickmelt at parmesan cheese sa ibabaw ay nagpapaganda ng hitsura at nagbibigay ng maalat at mataba na lasa na perpektong nagbabalanse sa tamis ng meat sauce. Ito ay isang popular na party food at isang mahusay na produkto para ibenta sa mga okasyon at handaan.,"100 gms spaghetti noodles, 50 gms meat sauce, 20 gms parmesan cheese ginadgad, 50 gms white sauce, 20 gms Quickmelt cheese ginadgad, 5 gms parsley tinadtad |
(White Sauce) 1/8 tasang butter o margarine, 1/4 tasang gatas, 1 kutsaritang harina nilusaw sa 1/8 tasang tubig, asin at paminta","Step 1: Lutuin ang spaghetti sa tubig na inasinan. Salain nang maigi saka itabi.
Step 2: Ihanda ang white sauce: Ilusaw ang butter sa kaserola. Idagdag ang gatas. Ilusaw ang flour mixture at patuloy na haluin hanggang maging malapot. Idagdag ang mga pampalasa at haluin nang maigi.
Step 3: Kapag kinagat na ang spaghetti at al dente (may konting tigas kapag kinagat) na ang spaghetti, salain nang maigi at idagdag ang meat sauce. Ilagay ang spaghetti sa plato. Pangibabawan ng white sauce at idagdag ang Parmesan cheese. Ilagay ang spaghetti sa nilangisang na baking dish.
Step 4: I-bake ng 8 hanggang 10 minuto sa 350°F na oven. Wisikan ng tinadtad na parsley saka ihain.",Pasta / Main Dish,"Matamis-Maalat, Creamy, Cheesy, Masarap",Calories: ~380 kcal | Protein: ~16g | Fat: ~18g | Carbs: ~42g | Sodium: ~520mg,20,20,4,Moderate,Medium Cost,"Spaghetti, Baked, Pasta, Filipino, Espesyal, Handaan, Negosyo","Tanghalian, Hapunan","Party mood, Celebratory, Impressed, Indulgent, Festive",
,Baked Mac and Cheese,"Ang Baked Mac and Cheese ay isang creamy, cheesy, at napaka-comfort na pagkain na paboritong-paborito ng lahat ng edad. Ang elbow macaroni ay pinakuluan hanggang al dente bago pagsamahin sa mayamang cheese sauce na gawa sa butter, gatas, harina, at sharp cheddar cheese. Ang pagbe-bake sa oven ay nagbibigay ng ginintuang kayumanggi at bahagyang malutong na ibabaw na nagpapaganda ng hitsura at nagdadagdag ng karagdagang lasa. Ang dry mustard ay nagdadagdag ng bahagyang anghang na nagpapalalim ng lasa ng cheese. Ito ay isang perpektong side dish o mabilis na ulam para sa buong pamilya.","1 pkg (7 oz.) elbow macaroni niluto nang al dente (medyo hilaw) saka sinala, 2 kutsarang butter o margarine, 2 kutsarang harina, 1 kutsaritang asin, 1 kutsaritang dry mustard, 2 1/2 tasang gatas, 2 tasang (8 oz.) sharp cheddar cheese hiniwa-hiwa","Step 1: Initin ang oven ng 375°F.
Step 2: Sa isang kaserola, ilusaw ang margarine at ihalo ang harina, mustard at asin.
Step 3: Unti-unting ihalo ang gatas hanggang medyo lumapot ito (dapat dumikit at maaari itong pangkabigin sa kawali). Tanggalin sa apoy.
Step 4: Iluto at ihalo ang mixture hanggang medyo lumapot ito (dapat dumikit ang mixture sa kawali). Tanggalin sa apoy.
Step 5: Magdagdag ng 1-1/2 tasang keso. Tanggalin sa apoy; ihalo hanggang malusaw.
Step 6: Ihalo ang nalutong macaroni.
Step 7: Ikalat sa nilangisang na baking dish.
Step 8: Pangibabawan ng natitirang keso.
Step 9: I-bake ng 20 hanggang 25 minuto o hanggang bumula.
Step 10: Ihain kasama ang garlic sticks kung gusto.
Step 11: I-refrigerate ang natira.",Pasta / Side Dish / Main Dish,"Creamy, Cheesy, Maalat, Malasa",Calories: ~420 kcal | Protein: ~18g | Fat: ~22g | Carbs: ~40g | Sodium: ~580mg,15,35,6,Easy,Medium Cost,"Mac and Cheese, Pasta, Baked, Cheesy, Comfort Food, Pamilya, Meryenda","Tanghalian, Hapunan, Meryenda","Comforted, Indulgent, Cozy, Treat yourself, Weekend happiness",
,Tinapa,"Ang Tinapa ay isa sa mga pinakakilala at pinaka-imahe ng pagkaing Pilipino — isang usok-luto na isda na may natatanging malalim na lasa at mabangong aroma na nagmumula sa proseso ng paninigarilyo. Ang Galunggong ay isa sa mga pinakasikat na isda para gawing tinapa. Ang kombinasyon ng pag-asin at pagpapausok ay nagbibigay ng natural na preservative na nagpapatagal ng buhay ng isda habang nagdadagdag ng kakaibang lasa. Ang tinapa ay isa sa mga pinakasikat na almusal sa Pilipinas na ihain kasama ng kanin, sinaing na kanin, at kamatis. Ito ay isang napaka-magandang negosyo na may mataas na demand sa buong bansa.","Sariwang Galunggong 20 kilos, asin 1.5 kilos (sa bawat 20 kilos ng isda)","Step 1: Hugasan ang isda at tanggalin ang mga hindi kailangan.
Step 2: Handa ang brine solution, ilagay sa strainer at salain ang isda.
Step 3: Ilagay ang isda sa brine solution sa loob ng 30 minuto para masipsip nito ang asin.
Step 4: Ihanda ang isda para sa paninigarilyo sa pamamagitan ng pagtatayo ng smoker o smokehouse.
Step 5: Ilagay ang isda sa mga tray sa loob ng smokehouse nang maayos at pantay-pantay.
Step 6: Salain ang sobrang asin at ilagay sa smokehouse.
Step 7: Lagyan ng apoy ang smoker gamit ang uling at usok.
Step 8: Kapag lumabas na ang tamang usok, ilagay na ang mga isda sa smokehouse. Habang nasa loob ng smokehouse ang isda, bantayan ang temperatura ng usok.
Step 9: Takpan ang smokehouse at paligiran ng usok ng 3 hanggang 4 na oras depende sa laki ng isda.
Step 10: Ipatuyo ang isda sa ilalim ng araw pagkatapon ng paninigarilyo.
Step 11: Tanggalin ang tinapa sa smokehouse. Ang mas malambot na tinapa ay mas lalong matikman.
Step 12: Timbangin at i-pack, selyaduhan at iimbak.",Preserved Fish / Processed Food,"Maalat, Mausok, Malasa, Malalim ang Lasa",Calories: ~220 kcal | Protein: ~28g | Fat: ~10g | Carbs: ~0g | Sodium: ~900mg,60,240,20,Difficult,Medium Cost,"Tinapa, Isda, Smoked Fish, Filipino, Almusal, Negosyo, Tradisyonal","Almusal, Tanghalian","Nostalgic, Morning contentment, Simple living, Homesick, Humble",
,Ginataang Langka (Hipon),Hilaw na langka na dahan-dahang niluto sa gata at bagoong alamang. Ang pagdaragdag ng hipon ay nagbibigay ng tamis na humahalo sa linamnam ng niyog at anghang ng sili.,"Langka, hipon, gata, bagoong, bawang, sibuyas, sili.","1. Pakuluan ang langka sa tubig hanggang sa lumambot nang bahagya, pagkatapos ay patuluin ito.

2. Igisa ang bawang, sibuyas, at alamang hanggang sa lumabas ang bango at maluto ang bagoong.

3. Idagdag ang langka at ibuhos ang gata ng niyog, hayaang kumulo sa mahinang apoy hanggang lumapot.

4. Ilagay ang mga sariwang hipon at siling labuyo sa ibabaw ng nilulutong gulay.

5. Lutuin pa ng 5-7 minuto hanggang maging orange ang mga hipon at manuot ang lasa sa langka.

6. Timplahan ng kaunting asin o patis bago hanguin at ihain sa mainit na kanin.",Ulam,"Creamy, Savory","Cal: ~320, Prot: 18g, Fat: 22g",15,30,4,Easy,Medium Cost,"Gulay, Gata",Tanghalian,"Comforted, Nostalgic, Simple satisfaction, Cozy",
,Beef Caldereta (Special),"Isang marangyang stew na may liver spread at keso. Ang baka ay niluluto nang matagal sa tomato sauce hanggang sa ito ay maging ""fork-tender"" at ang sarsa ay maging napakalapot at malinamnam.","Baka, tomato sauce, liver spread, keso, patatas, carrots, bell pepper.","1. Pakuluan ang baka sa tubig na may asin at paminta sa loob ng 1.5 oras hanggang sa lumambot.

2. Igisa ang bawang at sibuyas, pagkatapos ay ihalo ang pinalambot na baka sa isang malaking kawali.

3. Ibuhos ang tomato sauce at liver spread, haluin nang maigi upang manuot ang lasa sa karne.

4. Idagdag ang mga patatas at carrots, pakuluan hanggang sa lumambot ang mga gulay na ito.

5. Ihalo ang kinayod na keso at bell pepper, haluin hanggang matunaw ang keso at lumapot ang sarsa.

6. Timplahan ng huling beses at ihain kasama ang olives bilang palamuti para sa espesyal na handaan.",Ulam,"Rich, Malinamnam","Cal: ~550, Prot: 35g, Fat: 30g",20,90,6,Moderate,Medium Cost,"Baka, Pista",Hapunan,"Celebratory, Festive, Indulgent, Special occasion pride",
,Estofadong Manok,"Isang klasikong putaheng may impluwensyang Kastila. Ang manok ay niluluto sa toyo, asukal, at suka na may kasamang pritong saging na saba na nagbibigay ng natural na tamis at ganda sa sarsa.","Manok, toyo, suka, asukal, saging na saba, carrots, laurel.","1. Iprito muna ang mga saging na saba hanggang maging golden brown, pagkatapos ay itabi muna.

2. Igisa ang bawang at sibuyas, ilagay ang manok at lutuin hanggang maging bahagyang brown ang balat.

3. Ibuhos ang toyo, suka, at asukal; huwag munang hahaluin hanggang mawala ang tapang ng suka.

4. Idagdag ang dahon ng laurel at paminta, hayaang kumulo hanggang lumambot ang karne ng manok.

5. Ihalo ang pritong saging at ang mga hiniwang carrots sa huling bahagi ng pagluluto.

6. Lutuin hanggang lumapot ang sarsa at mabalot ang bawat piraso ng manok ng tamis at alat.",Ulam,Matamis-Alat,"Cal: ~420, Prot: 28g, Fat: 15g",15,40,5,Easy,Medium Cost,"Manok, Estofado",Tanghalian,"Nostalgic, Comforted, Family meal happiness, Cozy",
,Pork Pata Hamonado,"Ang binti ng baboy ay dahan-dahang niluluto sa pineapple juice at asukal. Ang kinalabasan ay isang ulam na parang hamon ang lasa—matamis, malagkit, at napakalambot na humihiwalay sa buto.","Pata ng baboy, pineapple juice, toyo, asukal, bawang, laurel.","1. Linisin ang pata at pakuluan ito sa tubig na may asin hanggang sa maging napakalambot nito.

2. Sa isang kawali, igisa ang bawang at ilagay ang pinalambot na pata ng baboy.

3. Ibuhos ang pineapple juice, toyo, at asukal na pula para sa magandang kulay at tamis.

4. Ilagay ang laurel at paminta, hayaang kumulo sa mahinang apoy hanggang lumapot ang sarsa.

5. Idagdag ang mga pineapple chunks sa huling 5 minuto ng pagluluto para sa dagdag na asim.

6. Hayaang maging parang glaze ang sarsa sa ibabaw ng pata bago hanguin at ihain sa bandahado.",Ulam,"Matamis, Savory","Cal: ~600, Prot: 40g, Fat: 35g",15,120,8,Moderate,High Cost,"Pork, Hamonado",Hapunan,"Festive, Celebratory, Indulgent, Sweet tooth satisfied",
,Ginataang Suso (Snail),Tradisyunal na pagkaing probinsya. Ang mga suso ay niluluto sa gata at kangkong. Ang sining ng pagputol sa dulo ng shell ay mahalaga upang Easyng masipsip ang malinamnam na laman nito.,"Suso, gata, luya, bawang, kangkong, sili, bagoong.","1. Hugasan nang mabuti ang mga suso at putulin ang matulis na dulo ng bawat shell gamit ang kutsilyo.

2. Igisa ang luya, bawang, at sibuyas sa isang kawali hanggang sa lumabas ang bango ng mga ito.

3. Ihalo ang mga suso at gisahin nang bahagya kasama ang bagoong para sa dagdag na linamnam.

4. Ibuhos ang gata at hayaang kumulo sa loob ng 20 minuto sa mahinang apoy hanggang lumapot.

5. Timplahan ng asin o patis at ilagay ang mga sili depende sa iyong gustong anghang.

6. Ihalo ang kangkong sa huling minuto at patayin agad ang apoy bago ihain ang mga suso.",Ulam,"Spicy, Creamy","Cal: ~280, Prot: 15g, Fat: 18g",30,25,4,Easy,Low Cost,"Snail, Gata",Pulutan,"Adventurous, Bold, Curious, Provincial nostalgia, Brave eater",
,Chicken Binakol,"Isang nakaka-relax na sopas mula sa Aklan. Gumagamit ito ng sabaw ng buko sa halip na tubig, na nagbibigay ng banayad na tamis at kakaibang linamnam na paborito tuwing may nararamdamang sakit.","Manok, sabaw ng buko, laman ng buko, luya, tanglad, sayote.","1. Igisa ang bawang, sibuyas, at maraming luya sa isang palayok hanggang maging mabango ang sarsa.

2. Idagdag ang manok at lutuin hanggang sa lumabas ang natural na mantika at maging brown.

3. Ibuhos ang sariwang sabaw ng buko at ilagay ang tinaling tanglad para sa dagdag na bango.

4. Pakuluan ang manok sa mahinang apoy hanggang sa maging napakalambot ng karne nito.

5. Idagdag ang hiniwang sayote at ang malalambot na laman ng buko sa kumukulong sabaw.

6. Timplahan ng asin at paminta, at hayaang kumulo pa nang huling beses bago ihain nang mainit.",Ulam,"Presko, Sweet-Salty","Cal: ~350, Prot: 25g, Fat: 12g",15,45,5,Moderate,Medium Cost,"Manok, Sabaw",Tanghalian,"Sick and needing warmth, Nostalgic (Aklanon pride), Comforted, Cozy",
,Sinuglaw,Isang popular na ulam sa Mindanao na pinagsama ang inihaw na liempo (Sinugba) at kinilaw na isda (Kinilaw). Isang sumasabog na balanse ng usok ng baboy at asim-anghang ng isda.,"Liempo, Tanigue, suka, luya, sibuyas, sili, pipino.","1. Ihanda ang kinilaw sa pamamagitan ng paglilinis sa isda sa suka at katas ng kalamansi.

2. Ihawin ang liempo sa uling hanggang sa maluto nang husto at magkaroon ng amoy ng usok.

3. Hiwain ang inihaw na baboy sa maliliit na cubes habang mainit-init pa ang karne.

4. Sa isang mangkok, paghaluin ang kinilaw na isda at ang bagong ihaw na liempo nang dahan-dahan.

5. Idagdag ang mga hiniwang luya, sibuyas, sili, at pipino para sa dagdag na texture at anghang.

6. Ibuhos ang sapat na suka at timplahan ng asin bago ihain agad upang hindi lumambot ang isda.",Ulam,"Maasim, Smoky","Cal: ~450, Prot: 30g, Fat: 25g",30,20,4,Moderate,High Cost,"Davao, Pulutan",Pulutan,"Adventurous, Bold (Mindanao pride), Excited, Party pulutan mood",
,Pork Igado,"Isang Ilocanong ulam na gawa sa baboy at atay na hiniwa nang maninipis. Niluluto ito sa suka at toyo na may kasamang carrots at green peas, na nagreresulta sa isang maasim-maalat na lasa.","Liempo, atay ng baboy, carrots, green peas, toyo, suka.","1. Hiwain ang baboy at atay sa maninipis at mahahabang strips (julienne cut) para sa tamang luto.

2. Igisa ang bawang at sibuyas, pagkatapos ay ilagay ang baboy at lutuin hanggang maging brown.

3. Idagdag ang atay at lutuin ito nang mabilis lamang upang hindi tumigas ang texture nito.

4. Ibuhos ang toyo at suka, hayaang kumulo nang hindi hinahalo upang maluto ang suka.

5. Idagdag ang carrots, bell pepper, at green peas; timplahan ng asin at paminta ayon sa panlasa.

6. Lutuin hanggang lumapot ang sarsa at lumambot ang mga gulay bago hanguin sa apoy.",Ulam,Maalat-Asim,"Cal: ~380, Prot: 28g, Fat: 20g",20,30,5,Moderate,Medium Cost,"Ilocano, Pork",Tanghalian,"Nostalgic (Ilocano roots), Simple satisfaction, Comforted, Humble",
,Bagnet,"Ang ipinagmamalaking ""crispy pork belly"" ng Ilocos. Ang sikreto ay ang dalawang beses na pagpiprito (double fry) upang ang balat ay maging sobrang lutong habang ang laman ay makatas.","Liempo, asin, tubig, bawang, mantika.","1. Pakuluan ang buong liempo sa tubig na may maraming asin at bawang hanggang lumambot ang balat.

2. Hanguin ang baboy at patuyuin nang maigi ang balat gamit ang paper towel, palamigin muna ito.

3. Iprito ang baboy sa katamtamang apoy hanggang maging light brown, hanguin at palamigin uli.

4. Muling iprito sa mainit na mainit na mantika hanggang sa ""pumutok"" at lumutong ang balat.

5. Patuluin ang mantika at hiwain ang Bagnet sa maliliit na piraso habang ito ay mainit pa.

6. Ihain kasama ang sawsawan na bagoong isda, kamatis, at sibuyas (KBL) para sa tunay na lasa.",Ulam,"Crunchy, Salty","Cal: ~550, Prot: 25g, Fat: 45g",20,60,6,Moderate,Medium Cost,"Ilocos, Pork",Tanghalian,"Celebratory, Ilocano pride, Indulgent, Craving satisfaction, Excited",
,20. Arroz a la Cubana,"Isang ""complete meal"" sa isang plato. Binubuo ito ng giniling na baka na may raisins at carrots, inihahain kasama ang pritong saging na saba at sunnyside-up na itlog sa ibabaw ng kanin.","Giniling, saging na saba, itlog, carrots, patatas, tomato sauce.","1. Igisa ang bawang at sibuyas, ilagay ang giniling na baka at lutuin hanggang mawala ang pula.

2. Idagdag ang hiniwang patatas, carrots, at raisins, ihalo ang tomato sauce at pakuluan.

3. Sa isang hiwalay na kawali, iprito ang mga saging na saba hanggang maging golden brown.

4. Magprito rin ng mga itlog na sunnyside-up o malasado ang pula para maging toppings.

5. Ayusin sa plato: ilagay ang kanin, ang giniling sa gilid, at ang saging sa kabilang bahagi.

6. Ilagay ang itlog sa ibabaw ng kanin bago ihain ang masustansyang haponang ito.",Ulam,"Savory, Sweet","Cal: ~520, Prot: 30g, Fat: 22g",15,25,4,Easy,Medium Cost,"Giniling, Rice",Hapunan,"Happy, Complete meal satisfaction, Nostalgic, Energized",
,Vigan Longganisa,"Isang maliit at siksik na sausage na punong-puno ng bawang at asim ng sukang Iloko. Hindi ito matamis gaya ng ibang longganisa, kaya naman ito ay paboritong almusal ng marami.","Giniling na baboy, bawang, suka, asin, paminta, hog casing.","1. Paghaluin ang giniling, maraming bawang, suka, at mga pampalasa sa isang malaking mangkok.

2. I-marinate ang mixture nang magdamag sa loob ng refrigerator upang manuot ang lahat ng lasa.

3. Ipasok ang mixture sa hog casing gamit ang funnel at talian bawat dalawang pulgada.

4. Isampay ang mga longganisa sa labas upang matuyo sa hangin nang ilang oras bago iluto.

5. Lutuin sa kawali na may kaunting tubig hanggang sa matuyo ang tubig at lumabas ang mantika.

6. Iprito ang longganisa sa sarili nitong mantika hanggang sa maging brown at mabango ang balat.",Breakfast,"Garlicky, Sour","Cal: ~350, Prot: 18g, Fat: 25g",60,20,6,Moderate,Medium Cost,"Vigan, Garlic",Almusal,"Nostalgic, Breakfast happiness, Proud (Vigan pride), Morning energy",
,Vigan Empanada,"Isang sikat na merienda na may kulay orange na balat na gawa sa rice flour. Punong-puno ito ng palaman na papaya, itlog, at longganisa, at piniprito nang napakalutong.","Rice flour, achuete, itlog, longganisa, sariwang papaya.","1. Gumawa ng dough mula sa rice flour at tubig na may kulay ng achuete hanggang maging malambot.

2. Kumuha ng isang bola ng dough at i-flat ito nang napakanipis sa ibabaw ng plastic sheet.

3. Maglagay ng ginadgad na papaya, hubad na longganisa, at mag-crack ng itlog sa gitna nito.

4. Itupi ang dough upang mabuo ang hugis na half-moon at selyuhan ang mga gilid nito nang maigi.

5. Iprito agad sa napakainit na mantika (deep fry) hanggang sa maging sobrang lutong ng balat.

6. Patuluin ang mantika at ihain agad kasama ang sukang Iloko na may sili at bawang.",Merienda,"Crunchy, Savory","Cal: ~450, Prot: 15g, Fat: 28g",40,10,1,Difficult,Low Cost,"Vigan, Streetfood",Merienda,"Street food excitement, Nostalgic, Curious, Adventurous",
,Kwek-Kwek,Isang iconic na street food na gawa sa itlog ng pugo na binalot sa orange na batter. Masarap itong kainin habang mainit at isinasawsaw sa maasim at maanghang na suka.,"Itlog ng pugo, harina, cornstarch, orange food coloring.","1. Pakuluan ang mga itlog ng pugo, palamigin, at balatan nang maingat ang bawat isa nito.

2. Gumawa ng batter sa pamamagitan ng paghalo ng harina, cornstarch, tubig, at food coloring.

3. Siguraduhing ang batter ay sapat ang lapot upang kumapit nang maigi sa mga itlog ng pugo.

4. I-coat muna ang mga itlog sa tuyong harina bago isawsaw sa orange na batter na ginawa.

5. Iprito ang mga itlog sa mainit na mantika hanggang sa maging crispy ang balat o coating nito.

6. Hanguin at patuluin sa paper towel bago ihain kasama ang sukang may maraming sibuyas.",Merienda,"Crunchy, Savory","Cal: ~180, Prot: 8g, Fat: 12g",20,10,4,Easy,Low Cost,Streetfood,Merienda,"Street food joy, Nostalgic, Playful, Hungry and impulsive, Fun",
,Buko Salad (Classic),"Isang paboritong dessert sa lahat ng okasyon. Ang sariwang buko ay hinaluan ng cream at gatas, kasama ang fruit cocktail at cheese cubes para sa balanse ng tamis at alat.","Buko, cream, condensed milk, fruit cocktail, cheese.","1. Patuluin nang maigi ang fruit cocktail, kaong, at nata de coco gamit ang isang malinis na strainer.

2. Sa isang malaking mangkok, paghaluin ang all-purpose cream at condensed milk hanggang maging smooth.

3. Idagdag ang kinayod na sariwang buko at ang lahat ng napatulong prutas sa cream mixture.

4. Ihalo ang mga cubes ng cheese upang magkaroon ng kaunting alat sa bawat subo ng dessert.

5. Haluin nang dahan-dahan ang lahat ng sangkap hanggang mabalot ng cream ang bawat piraso.

6. Palamigin sa freezer nang hindi bababa sa 4 na oras o overnight bago ihain sa mga bisita.",Dessert,"Creamy, Sweet","Cal: ~350, Prot: 5g, Fat: 18g",20,0,10,Easy,Medium Cost,"Dessert, Buko",Dessert,"Festive, Celebratory, Christmas happiness, Sweet and refreshed",
,Sikwate (Hot Chocolate),Ang tradisyunal na mainit na tsokolate ng mga Bisaya. Gawa ito sa purong tablea na niluluto sa batirol upang maging mabula at matapang ang lasa ng cacao.,"Pure Tablea, tubig, asukal, gatas (optional).","1. Magpakulo ng tubig sa isang batirol o maliit na kaserola sa ibabaw ng mahinang apoy.

2. Ilagay ang mga tablea ng cacao at hayaang matunaw ang mga ito nang kusa sa kumukulong tubig.

3. Gamitin ang molinillo (wooden whisk) at paikutin ito nang mabilis sa pagitan ng mga palad.

4. Ipagpatuloy ang pag-whisk hanggang sa lumabas ang mga bula o foam sa ibabaw ng tsokolate.

5. Magdagdag ng asukal o gatas ayon sa iyong panlasa kung nais mo ng tamis o creaminess.

6. Ibuhos ang mainit na tsokolate sa tasa at ihain kasama ang puto maya o pandesal.",Drink,Bitter-Sweet,"Cal: ~150, Prot: 4g, Fat: 8g",5,10,2,Easy,Low Cost,"Bisaya, Hot",Almusal,"Cozy, Nostalgic (Bisaya roots), Cold morning warmth, Comforted",
,Kapeng Barako,"Isang matapang na kape mula sa Batangas. Kilala ito sa ""sipa"" ng tapang at kakaibang amoy na parang bulaklak at kahoy. Mainam na inumin sa umaga para magising ang diwa.","Ground Barako, tubig, asukal (muscovado).","1. Magpakulo ng tubig sa isang kaserola, kapag kumukulo na ay ilagay ang ground barako coffee.

2. Hayaan itong kumulo ng isang minuto, pagkatapos ay patayin ang apoy at takpan ang kaserola.

3. Hayaang ""mag-steep"" ang kape sa loob ng 5 minuto upang lumabas ang lahat ng tapang nito.

4. Salain ang kape gamit ang isang malinis na tela o strainer upang makuha ang malinis na likido.

5. Idagdag ang muscovado sugar o asukal na pula para sa mas malalim na tamis ng kape.

6. Ihain nang mainit sa paborito mong tasa kasama ang tinapay o kakanin para sa almusal.",Drink,"Strong, Earthy","Cal: ~5, Prot: 0g, Fat: 0g",2,5,4,Easy,Low Cost,"Batangas, Coffee",Almusal,"Bold and awake, Proud (Batangas pride), Morning energy, Focused",
,Ginataang Kalabasa/Malunggay,Isang napakasustansyang ulam na gawa sa kalabasa at malunggay na niluto sa creamy na gata. Ang tamis ng kalabasa at linamnam ng gata ay paboritong iulam ng mga pamilya.,"Kalabasa, malunggay, gata, hipon, bawang, sibuyas.","1. Igisa ang bawang, sibuyas, at hipon sa isang kawali hanggang maging orange ang mga hipon.

2. Idagdag ang hiniwang kalabasa at kaunting tubig, takpan at pakuluan hanggang lumambot.

3. Ibuhos ang gata ng niyog at hayaang kumulo sa mahinang apoy hanggang sa lumapot ang sarsa.

4. Timplahan ng asin o patis habang tinitikman ang tamang timpla ng gata at kalabasa.

5. Ihalo ang mga sariwang dahon ng malunggay at haluin nang bahagya sa loob ng isang minuto.

6. Patayin agad ang apoy upang hindi malanta ang malunggay at ihain agad sa mainit na kanin.",Ulam,"Creamy, Sweet","Cal: ~210, Prot: 12g, Fat: 15g",10,20,4,Easy,Low Cost,"Healthy, Gulay",Tanghalian,"Health-conscious, Nurturing, Simple family love, Comforted",
,Ice Candy (Buko Salad),Isang pampalamig na gawa sa gata at buko na binalot sa plastic. Ito ay parang ice-cold version ng buko salad na kinagigiliwan ng mga bata tuwing tag-init.,"Sabaw ng buko, gata, gatas, asukal, buko strips.","1. Paghaluin ang sariwang sabaw ng buko, gata, at condensed milk sa isang malaking pitsel.

2. Tikman at magdagdag ng asukal hanggang makuha ang tamang tamis para sa inumin.

3. Ihalo ang maliliit at maninipis na strips ng kinayod na buko sa loob ng mixture na ito.

4. Gamit ang funnel, ibuhos ang mixture sa ice candy plastic bags nang maingat upang hindi umapaw.

5. Talian nang napakahigpit ang dulo ng plastic upang hindi tumagas ang likido pag nag-freeze.

6. Ilagay sa freezer at hayaang tumigas nang husto sa loob ng 6-8 oras bago kainin o ibenta.",Merienda,"Milky, Sweet","Cal: ~180, Prot: 2g, Fat: 10g",30,0,20,Easy,Low Cost,"Cold, Summer",Merienda,"Hot summer relief, Childhood nostalgia, Playful, Carefree",
,Binignit,"Isang uri ng kakanin sa Cebu na parang Ginataang Bilo-bilo pero may kasamang ""landang"" at mas maraming lamang-lupa. Napakabusog at masarap kainin bilang merienda.","Gabi, kamote, saging, langka, landang, gata, asukal.","1. Hiwain ang gabi, ube, kamote, at saging na saba sa maliliit at pantay-pantay na mga cubes.

2. Pakuluan ang tubig sa malaking palayok at ilagay ang gabi at ube hanggang sa lumambot.

3. Idagdag ang landang pearls at kamote, hayaang maluto hanggang maging transparent ang landang.

4. Ibuhos ang gata ng niyog at ihalo ang asukal na pula habang patuloy na hinahalo nang dahan-dahan.

5. Ihalo ang hiniwang langka para sa mabangong aroma at dagdag na tamis sa buong kakanin.

6. Hayaang kumulo hanggang lumapot ang sabaw at maging malasa ang lahat ng sangkap bago ihain.",Merienda,"Filling, Sweet","Cal: ~450, Prot: 5g, Fat: 20g",30,40,8,Moderate,Medium Cost,"Cebu, Kakanin",Merienda,"Nostalgic (Cebuano roots), Cozy merienda happiness, Comforted, Warm",
,Calamansi Juice,"Isang preskong inumin na puno ng Vitamin C. Maaari itong inuming mainit para sa ubo at sipon, o lagyan ng maraming yelo para maging pamatid-uhaw sa tanghali.","Kalamansi, tubig, asukal o honey, yelo.","1. Hiwain ang mga kalamansi sa gitna at pigaan ang bawat isa sa ibabaw ng isang strainer.

2. Kolektahin ang sariwang katas sa isang baso o pitsel at siguruhing walang butong sumama.

3. Magdagdag ng tubig (malamig o mainit) at ihalo ang asukal o honey ayon sa iyong panlasa.

4. Haluin nang maigi hanggang sa matunaw ang lahat ng tamis sa loob ng inumin.

5. Kung nais ng palamig, lagyan ng maraming yelo at hiwa ng kalamansi para maging kaakit-akit.

6. Tikman ang huling timpla at dagdagan ng tubig kung masyadong maasim bago ihain.",Drink,"Maasim, Refreshing","Cal: ~60, Prot: 0g, Vit C: 120%",10,0,4,Easy,Low Cost,"Citrus, Healthy",Drink,"Refreshed, Health-conscious, Hot day relief, Energized",
,31. Samalamig (Buko Pandan),"Isang makulay na palamig sa kalsada. Mayroon itong berdeng gulaman na may bango ng pandan, hinaluan ng gatas at kinayod na buko na paborito ng lahat.","Gulaman, sago, buko strips, evaporada, pandan extract.","1. Lutuin ang gulaman ayon sa pakete, hayaang tumigas, at hiwain ito sa maliliit na cubes.

2. Pakuluan ang sago sa sapat na tubig hanggang sa maging transparent ang loob at lumambot.

3. Sa isang malaking pitsel, paghaluin ang evaporada, tubig, at asukal hanggang maging creamy.

4. Idagdag ang pandan extract upang maging mabango at magkaroon ng kulay berde ang likido.

5. Ihalo ang inihandang gulaman, sago, at ang mga strips ng sariwang buko sa pitsel.

6. Lagyan ng maraming yelo at haluin nang mabuti bago isalin sa mga baso para sa merienda.",Drink,"Creamy, Pandan","Cal: ~220, Prot: 4g, Fat: 9g",20,15,8,Easy,Low Cost,"Streetfood, Cold",Drink,"Street food happiness, Hot day relief, Nostalgic, Refreshed",
,Ginataang Mungo (Tinapa),Isang masustansyang ulam na gawa sa munggo na pinalapot ng gata. Ang pagdaragdag ng hinimay na tinapa ay nagbibigay ng kakaibang amoy-usok at sarap sa ulam.,"Munggo, gata, tinapa, bawang, dahon ng ampalaya.","1. Pakuluan ang mga butil ng munggo sa tubig hanggang sa pumutok at lumambot nang husto ang mga ito.

2. Igisa ang bawang, sibuyas, at luya, pagkatapos ay ihalo ang hinimay na tinapa sa kawali.

3. Ibuhos ang nilagang munggo kasama ang sabaw nito sa kawali at hayaang kumulo ang lahat.

4. Idagdag ang gata ng niyog at hayaang maluto sa mahinang apoy hanggang sa lumapot ang ulam.

5. Timplahan ng asin o patis habang tinitikman ang linamnam ng tinapa na humahalo sa gata.

6. Ilagay ang mga dahon ng ampalaya sa huling minuto bago patayin ang apoy at ihain sa kanin.",Ulam,"Smoky, Malinamnam","Cal: ~310, Prot: 18g, Fat: 14g",15,40,5,Easy,Low Cost,"Munggo, Healthy",Tanghalian,"Comforted, Nostalgic, Rainy day warmth, Simple satisfaction",
,Ube Halaya,"Ang pamosong purple yam jam. Napakapulot, matamis, at creamy. Kinakailangan ito ng mahabang oras ng paghalo upang makuha ang tamang kunat at sarap nito.","Ube, gatas, butter, asukal, condensed milk.","1. Magpakulo ng ube hanggang lumambot, balatan ito, at gadgarin o durugin nang napakapino.

2. Sa isang malaking kawali, paghaluin ang ube, condensed milk, evaporada, at asukal na pula.

3. Lutuin sa mahinang apoy at patuloy na haluin gamit ang sandok upang hindi masunog ang ilalim.

4. Kapag nagsimula nang kumapal ang mixture, ilagay ang butter para maging makintab ang texture.

5. Ipagpatuloy ang paghalo ng 45-60 minuto hanggang maging napakapulot at mahirap na itong haluin.

6. Ilipat sa isang llanerang may pahid ng butter at palamutian ng latik o cheese sa ibabaw nito.",Dessert,"Sweet, Thick","Cal: ~350, Prot: 4g, Fat: 12g",40,60,10,Difficult,Medium Cost,"Ube, Kakanin",Dessert,"Sweet and proud, Nostalgic, Celebratory, Filipino identity joy",
,Beef Pares,Isang popular na beef stew sa kalsada. Mayroon itong matamis-maalat na sabaw na may star anise. Inihahain ito kasama ang garlic rice at mainit na sabaw ng baka.,"Baka, star anise, toyo, asukal, bawang, luya.","1. Pakuluan ang mga piraso ng baka sa tubig hanggang sa ito ay maging napakalambot na sa kagat.

2. Igisa ang maraming bawang at luya, pagkatapos ay ihalo ang baka at gisahin ito nang maigi.

3. Ibuhos ang toyo, asukal, at lagyan ng star anise upang makuha ang kakaibang aroma ng pares.

4. Hayaang kumulo sa mahinang apoy hanggang sa lumapot ang sarsa at mabalot ang karne nito.

5. Timplahan ng asin at paminta, at lagyan ng huling bugso ng tinadtad na bawang sa ibabaw.

6. Ihain kasama ang mainit na sinangag at ang nakabukod na sabaw na may tinadtad na sibuyas-dahon.",Ulam,"Sweet, Malinamnam","Cal: ~520, Prot: 32g, Fat: 20g",20,120,5,Moderate,High Cost,"Streetfood, Beef",Hapunan,"Late night hunger, Exhausted, Street food happiness, Nostalgic",
,Maja Blanca,"Isang maputing kakanin na gawa sa gata at mais. Malambot at parang jelly ang texture nito, at binubudburan ng latik o kinayod na keso para sa perpektong tamis.","Gata, gatas, mais, cornstarch, asukal.","1. Paghaluin ang gata ng niyog, evaporada, condensed milk, at butil ng mais sa isang malaking kawali.

2. Sa isang maliit na mangkok, tunawin ang cornstarch sa isang tasa ng gatas hanggang mawala ang buo-buo.

3. Pakuluan ang mixture sa kawali sa katamtamang apoy habang patuloy na hinahalo nang dahan-dahan.

4. Ibuhos ang cornstarch mixture at bilisan ang paghalo hanggang sa maging malapot at makinis ito.

5. Haluin hanggang sa maging parang jelly ang texture at humiwalay na nang bahagya sa kawali.

6. Ibuhos sa isang tray, patagin ang ibabaw, at lagyan ng latik o cheese bago palamigin at hiwain.",Dessert,"Milky, Sweet","Cal: ~280, Prot: 3g, Fat: 14g",15,25,10,Easy,Medium Cost,"Kakanin, Corn",Dessert,"Festive, Nostalgic, Sweet satisfaction, Christmas/New Year mood",
,Laing,"Isang tanyag na Bicolanong ulam na gawa sa pinatuyong dahon ng gabi na dahan-dahang niluluto sa purong gata. Ang sarsa nito ay dapat maging malapot, nagmamantika, at puno ng anghang mula sa siling labuyo, habang ang bagoong alamang at liempo ay nagbibigay ng malalim na linamnam at texture sa bawat subo.","Tuyong dahon ng gabi, gata, liempo, bagoong alamang, siling labuyo, luya, bawang, sibuyas.","1. Sa isang malalim na palayok, pagsamahin ang gata, bawang, tinadtad na luya, at sibuyas. Pakuluan hanggang sa lumabas ang aroma.

2. Idagdag ang bagoong alamang at ang hiniwang karne ng baboy (liempo), hayaang maluto ang karne nang bahagya sa gata.

3. Ilagay ang mga tuyong dahon ng gabi sa ibabaw. Paalala: Huwag itong hahaluin sa simula upang maiwasan ang pangangati ng dila at lalamunan.

4. Hayaan itong maluto sa napakamahinang apoy sa loob ng 30-40 minuto hanggang sa sipsipin ng mga dahon ang gata at lumambot ang mga ito.

5. Kapag malapot na ang sarsa at halos tuyo na ang gata, ilagay ang hiniwang sili at dahan-dahang haluin ang lahat ng sangkap.

6. Patuloy na lutuin hanggang sa magmantika ang gata (curdling) at maging malinamnam ang timpla bago hanguin.",Ulam,"Creamy, Maanghang","Cal: ~350, Prot: 15g, Fat: 28g",20,50,5,Moderate,Medium Cost,"Bicol, Gulay",Tanghalian,"Adventurous, Bold (Bicolano pride), Excited, Spice lover's joy, Proud",
,Pinakbet Tagalog,"Isang makulay na putaheng gulay na iginiisa sa bagoong alamang. Ang bersyong Tagalog ay kilala sa paggamit ng kalabasa na nagbibigay ng tamis at lapot sa sarsa, na kaiba sa orihinal na Ilocano version na mas tuyo at gumagamit ng bagoong isda. Ito ay masustansya at hitik sa iba't ibang texture ng gulay.","Liempo, kalabasa, sitaw, ampalaya, talong, okra, kamatis, bagoong alamang, bawang, sibuyas.","1. Igisa ang bawang, sibuyas, at maraming hiniwang kamatis sa isang kawali hanggang sa madurog ang mga kamatis at lumabas ang katas nito.

2. Idagdag ang liempo at lutuin hanggang sa maging kulay brown at lumabas ang natural na mantika ng karne para sa dagdag na linamnam.

3. Ihalo ang bagoong alamang at gisahin ito nang maigi kasama ang karne upang mawala ang lansa at maging mabango.

4. Ilagay ang hiniwang kalabasa at lagyan ng kaunting tubig, hayaang kumulo hanggang sa lumambot nang bahagya ang kalabasa at lumapot ang sabaw.

5. Idagdag ang mga gulay gaya ng sitaw, okra, at ampalaya. Huling ilagay ang talong sa ibabaw dahil ito ang pinakamabilis maluto.

6. Takpan ang kawali at hayaang maluto ang mga gulay sa sariling singaw sa mahinang apoy hanggang sa maging sapat ang lambot ngunit hindi overcooked.",Ulam,"Malinamnam, Maalat","Cal: ~280, Prot: 20g, Fat: 15g",15,25,4,Easy,Low Cost,"Gulay, Tagalog",Tanghalian,"Nostalgic, Humble, Health-conscious, Simple provincial happiness",
,Pork Binababaan,"Isang espesyal na putahe mula sa Cavite kung saan ang baboy ay niluluto sa napakaraming gata at kamatis. Ang pangalan nito ay hango sa proseso ng pagluluto hanggang sa ""bumaba"" o lumapot nang husto ang sarsa at lumabas ang natural na mantika ng niyog, na nagbibigay ng napakayamang lasa.","1kg liempo, gata, kakang gata, 5 malalaking kamatis, bawang, sibuyas, asin, paminta.","1. Hiwain ang liempo sa maliliit na cubes upang mabilis itong lumambot at manuot ang lasa ng gata sa bawat hibla ng karne.

2. Sa isang malalim na palayok, igisa ang bawang, sibuyas, at maraming kamatis hanggang sa madurog at maging parang sarsa na ang texture.

3. Idagdag ang baboy at timplahan ng asin at paminta, haluin hanggang sa mawala ang pagkapula ng karne at masangkutsa nang maigi.

4. Ibuhos ang pangalawang piga ng gata (thin milk) at hayaang kumulo sa katamtamang apoy hanggang sa lumambot ang baboy.

5. Kapag malambot na ang karne, ibuhos ang malapot na kakang gata (thick milk) at dahan-dahang haluin ang niluluto.

6. Hayaang maluto sa napakamahinang apoy hanggang sa lumapot ang sarsa at ""bumaba"" o magmantika ang ulam bago ihain.",Ulam,"Creamy, Savory","Cal: ~580, Prot: 25g, Fat: 40g",15,50,6,Moderate,Medium Cost,"Cavite, Pork",Hapunan,"Curious, Proud (Cavite pride), Adventurous, Comforted",
,Beef Kansi,"Ang Kansi ay ang ""ultimate comfort food"" ng mga Ilonggo. Pinagsama nito ang linamnam ng Bulalo at ang asim ng Sinigang. Ang kakaibang asim nito ay nagmumula sa prutas na batuan at ang madilaw na sabaw ay galing sa atsuete, na ginagawa itong paborito tuwing maulan.","1kg beef shank, batuan fruit, hilaw na langka, luya, bawang, tanglad, atsuete oil.","1. Pakuluan ang beef shank (buto-buto) sa isang malaking palayok kasama ang luya at tanglad hanggang sa humiwalay ang karne sa buto at lumabas ang sebo.

2. Siguraduhing tanggalin ang mga lumulutang na dumi o ""scum"" sa ibabaw ng sabaw habang kumukulo upang maging malinaw at malinis ang stock.

3. Idagdag ang mga hiwa ng hilaw na langka at pakuluan ito kasama ng karne hanggang sa maging malambot ang texture ng gulay.

4. Ilagay ang prutas ng batuan at durugin nang bahagya sa sabaw upang lumabas ang natural na asim nito. Maaari ring gumamit ng sinigang mix kung walang batuan.

5. Ibuhos ang atsuete oil upang magkaroon ng matingkad na kulay orange ang sabaw at magdagdag ng sili para sa kaunting anghang.

6. Timplahan ng patis ayon sa panlasa at pakuluan pa ng ilang minuto upang magsama ang lahat ng lasa bago ihain nang napakainit.",Ulam,"Maasim, Malinamnam","Cal: ~520, Prot: 38g, Fat: 30g",20,150,6,Difficult,High Cost,"Ilonggo, Baka",Tanghalian,"Nostalgic (Ilonggo pride), Comforted, Rainy day warmth, Cozy",
,Ginataang Kuhol,Isang kakaibang putahe na madalas ihain bilang pulutan o espesyal na ulam sa probinsya. Ang mga kuhol ay niluluto sa gata na may maraming luya upang matanggal ang lansa at sili upang magbigay ng sipa sa bawat pagsipsip ng malinamnam na laman nito mula sa shell.,"1kg kuhol, 2 cups gata, luya, sili, dahon ng sili, bawang, sibuyas, bagoong alamang.","1. Hugasang mabuti ang mga kuhol at ibabad sa tubig nang magdamag upang matanggal ang dumi. Pagkatapos ay putulin ang dulo ng shell gamit ang plais.

2. Igisa ang bawang, sibuyas, at maraming luya (upang matanggal ang lansa) hanggang sa lumabas ang masarap na aroma sa kawali.

3. Ihalo ang bagoong alamang at ang mga inihandang kuhol, gisahin ang mga ito sa loob ng limang minuto upang manuot ang gisa.

4. Ibuhos ang gata ng niyog at hayaang kumulo sa mahinang apoy sa loob ng 20-25 minuto hanggang sa lumapot ang sarsa.

5. Idagdag ang mga sili at timplahan ng asin o patis depende sa iyong gustong antas ng alat at anghang.

6. Huling ilagay ang mga dahon ng sili at patayin agad ang apoy upang hindi malanta nang husto ang mga dahon bago ihain.",Ulam,"Maanghang, Creamy","Cal: ~280, Prot: 15g, Fat: 22g",40,30,4,Difficult,Low Cost,"Exotic, Gata",Pulutan,"Adventurous, Bold, Curious, Brave eater, Excited",
,Tiyula Itum,"Isang maringal na itim na sopas ng mga Tausug sa Sulu. Ang kulay nito ay galing sa ""pamapa,"" isang paste na gawa sa sinunog na laman ng niyog. Ito ay may kakaibang lasa na may halong anghang, linamnam, at amoy ng usok na tradisyunal na inihahain sa mga kasalang Muslim.","1kg baka, pamapa itum (sunog na niyog), luya, luyang dilaw, galangal, bawang, sili.","1. Ihanda ang pamapa itum: ihawin ang niyog hanggang sa mangitim at maglangis, pagkatapos ay durugin ito nang pino kasama ang iba pang spices.

2. Ipahid ang pamapa mixture sa karne ng baka at hayaan itong ma-marinate nang hindi bababa sa tatlumpung minuto para manuot ang kulay at lasa.

3. Igisa ang mga sariwang rekado: bawang, sibuyas, luya, luyang dilaw, at galangal sa isang malaking palayok hanggang maging mabango.

4. Idagdag ang karne na may pamapa at gisahin nang maigi hanggang sa lumabas ang sariling katas ng karne at maging napakabango ng palayok.

5. Ibuhos ang sapat na tubig at pakuluan sa mahinang apoy sa loob ng isa hanggang dalawang oras hanggang sa maging malambot ang baka.

6. Timplahan ng asin at dagdagan ng sili para sa anghang. Pakuluan pa nang bahagya bago ihain ang mainit at maitim na sopas.",Ulam,"Smoky, Spicy","Cal: ~480, Prot: 35g, Fat: 25g",40,120,6,Difficult,High Cost,"Tausug, Baka",Hapunan,"Curious, Cultural pride (Tausug), Adventurous, Special occasion mood",
,Adobong Pula,"Ang bersyong ito ng Adobo mula sa Batangas ay kakaiba dahil hindi ito gumagamit ng toyo. Ang kulay nito ay nagmumula sa atsuete (annatto), at ang lasa ay nakapokus sa balanse ng suka at maraming bawang na niluto sa mahinang apoy hanggang magmantika ang karne.","1kg baboy, 1/2 cup suka, atsuete seeds, bawang, laurel, paminta, asin.","1. Ibabad ang atsuete seeds sa kaunting mainit na tubig o mantika hanggang sa lumabas ang matingkad na kulay pula, pagkatapos ay salain ang mga buto.

2. Sa isang kawali, pagsamahin ang baboy, suka, pinitpit na bawang, laurel, at paminta. Paalala: Huwag muna itong hahaluin hanggang kumulo ang suka.

3. Pakuluan ang karne sa mahinang apoy hanggang sa sumingaw ang matapang na amoy ng suka at maging malambot ang hibla ng baboy.

4. Ibuhos ang inihandang katas ng atsuete sa karne upang magkaroon ito ng magandang kulay pula o orange.

5. Ituloy ang pagluluto hanggang sa maubos ang sabaw at magsimulang magmantika (rendering) ang taba ng karne ng baboy.

6. Timplahan ng asin ayon sa iyong panlasa at i-toss o i-prito nang bahagya ang karne sa sariling mantika bago hanguin at ihain.",Ulam,"Maasim, Malinamnam","Cal: ~450, Prot: 25g, Fat: 30g",10,45,5,Easy,Medium Cost,"Batangas, Adobo",Tanghalian,"Nostalgic (Batangas pride), Bold, Simple satisfaction, Proud",
,Chicken Piaparan,"Isang pagkaing Maranao na gumagamit ng ""palapa"" at turmeric. Ang manok ay niluluto sa gata at tinatabunan ng madilaw na kinayod na niyog (parut) na nagbibigay ng kakaibang texture at aroma na talagang katakam-takam.","1kg manok, kinayod na niyog, luyang dilaw, palapa, gata, bawang, sibuyas.","1. Pakuluan ang mga piraso ng manok sa gata na may turmeric (luyang dilaw) at bawang hanggang sa lumambot ang karne at maluto nang maigi.

2. Sa isang hiwalay na mangkok, paghaluin ang kinayod na niyog, turmeric, at palapa hanggang maging pantay ang dilaw na kulay nito.

3. Kapag luto na ang manok, hanguin ang mga ito mula sa sarsa at itabi muna sa isang plato para patuluin.

4. Ihalo ang inihandang niyog mixture sa natirang sarsa sa kawali at lutuin hanggang sa sumipsip ang lahat ng gata sa niyog at maging bahagyang tuyo.

5. Ibalik ang manok sa kawali at haluin nang bahagya kasama ang madilaw na niyog flakes hanggang mabalot ang bawat piraso ng manok.

6. Ihain ang manok na nababalot ng niyog kasama ang natirang sarsa sa gilid bilang kapares na sarsa sa mainit na kanin.",Ulam,"Spicy, Fragrant","Cal: ~420, Prot: 28g, Fat: 25g",25,40,5,Moderate,Medium Cost,"Maranao, Manok",Tanghalian,"Adventurous, Cultural curiosity (Maranao), Excited, Proud",
,Kilawin na Tanigue,"Ang ""ceviche"" ng Pilipinas. Ang sariwang isda ay ""niluluto"" lamang sa asim ng suka at kalamansi nang walang apoy. Ang luya at sili ay nagbibigay ng sariwang anghang na perpekto bilang pampagana o pulutan tuwing may pagtitipon.","500g Tanigue cubes, suka, luya, sibuyas, sili, kalamansi, asin, asukal.","1. Hugasan ang hiniwang isda sa malamig na tubig at patuluin nang maigi. Tuyuin gamit ang paper towel upang hindi magtubig ang kilawin.

2. Ibabad ang isda sa unang batch ng suka sa loob ng dalawang minuto, pagkatapos ay pigaan nang bahagya at itapon ang unang suka (wash process).

3. Sa isang malinis na mangkok, paghaluin ang bagong suka, katas ng kalamansi, tinadtad na luya, sibuyas, at sili.

4. Timplahan ang halo ng asin at kaunting asukal upang mabalanse ang sobrang asim ng suka at mapalabas ang tamis ng sariwang isda.

5. Ihalo ang isda sa inihandang timpla at siguraduhing lahat ng piraso ay nababad nang maigi sa likido hanggang maging maputi ang kulay nito.

6. Takpan ang mangkok at ilagay sa refrigerator sa loob ng 15-30 minuto bago ihain upang manatiling sariwa at malamig ang bawat subo.",Appetizer,"Maasim, Fresh","Cal: ~150, Prot: 22g, Fat: 5g",20,0,4,Easy,High Cost,"Fish, Pulutan",Appetizer,"Adventurous, Party pulutan mood, Refreshed, Bold",
,Bringhe,"Kilala bilang ""Pinoy Paella"" ng Pampanga. Ito ay gawa sa malagkit na kanin, gata, at turmeric na nagbibigay ng matingkad na kulay dilaw. Binubuo ito ng manok at chorizo at tradisyunal na niluluto sa ibabaw ng dahon ng saging para sa kakaibang bango at lasa.","Malagkit, gata, luyang dilaw, manok, chorizo, itlog na maalat, raisins.","1. Igisa ang bawang, sibuyas, at manok sa isang malapad na kawali (paellera) hanggang sa maging golden brown ang balat ng manok.

2. Idagdag ang luyang dilaw o turmeric powder at haluin nang maigi upang kumulay ang bango nito sa buong kawali at sa karne.

3. Ihalo ang malagkit na kanin at gisahin kasama ang manok nang ilang minuto hanggang mabalot ng dilaw na kulay ang bawat butil ng bigas.

4. Ibuhos ang gata ng niyog at kaunting tubig (stock), pagkatapos ay timplahan ng asin at paminta ayon sa iyong panlasa.

5. Takpan ang kawali ng dahon ng saging at lutuin sa napakamahinang apoy hanggang sa maluto ang kanin at maabsorb ang lahat ng gata.

6. Palamutian ang ibabaw ng hiniwang itlog na maalat, pritong chorizo, at raisins. Hayaan itong ""mag-tutong"" nang bahagya sa ilalim bago ihain.",Rice Dish,"Creamy, Savory","Cal: ~550, Prot: 18g, Fat: 22g",25,45,6,Moderate,Medium Cost,"Pampanga, Rice",Tanghalian,"Festive (Pampanga pride), Celebratory, Nostalgic, Special occasion joy",
,,,,,,,,,,,,,,,,
,,,,,,,,,,,,,,,,
,,,,,,,,,,,,,,,,
,,,,,,,,,,,,,,,,
,,,,,,,,,,,,,,,,
,,,,,,,,,,,,,,,,
,,,,,,,,,,,,,,,,
,,,,,,,,,,,,,,,,
,,,,,,,,,,,,,,,,
,,,,,,,,,,,,,,,,
,,,,,,,,,,,,,,,,
,,,,,,,,,,,,,,,,
,,,,,,,,,,,,,,,,
,,,,,,,,,,,,,,,,
,,,,,,,,,,,,,,,,
,,,,,,,,,,,,,,,,
,,,,,,,,,,,,,,,,
